
/tmp/arduino_build_914559/zr7-taillight-attiny85.ino.elf:     file format elf32-avr


Disassembly of section .text:

00000000 <__vectors>:
__vectors():
       0:	22 c0       	rjmp	.+68     	; 0x46 <__dtors_end>
       2:	46 c0       	rjmp	.+140    	; 0x90 <__bad_interrupt>
       4:	45 c0       	rjmp	.+138    	; 0x90 <__bad_interrupt>
       6:	44 c0       	rjmp	.+136    	; 0x90 <__bad_interrupt>
       8:	43 c0       	rjmp	.+134    	; 0x90 <__bad_interrupt>
       a:	6f c4       	rjmp	.+2270   	; 0x8ea <__vector_5>
       c:	41 c0       	rjmp	.+130    	; 0x90 <__bad_interrupt>
       e:	40 c0       	rjmp	.+128    	; 0x90 <__bad_interrupt>
      10:	3f c0       	rjmp	.+126    	; 0x90 <__bad_interrupt>
      12:	3e c0       	rjmp	.+124    	; 0x90 <__bad_interrupt>
      14:	3d c0       	rjmp	.+122    	; 0x90 <__bad_interrupt>
      16:	3c c0       	rjmp	.+120    	; 0x90 <__bad_interrupt>
      18:	3b c0       	rjmp	.+118    	; 0x90 <__bad_interrupt>
      1a:	3a c0       	rjmp	.+116    	; 0x90 <__bad_interrupt>
      1c:	39 c0       	rjmp	.+114    	; 0x90 <__bad_interrupt>

0000001e <__trampolines_end>:
__trampolines_start():
      1e:	00 00       	nop
      20:	00 00       	nop
      22:	37 00       	.word	0x0037	; ????

00000024 <port_to_input_PGM>:
      24:	00 00 00 00 36 00                                   ....6.

0000002a <port_to_output_PGM>:
      2a:	00 00 00 00 38 00                                   ....8.

00000030 <digital_pin_to_port_PGM>:
      30:	02 02 02 02 02 02                                   ......

00000036 <digital_pin_to_bit_mask_PGM>:
      36:	01 02 04 08 10 20                                   ..... 

0000003c <digital_pin_to_timer_PGM>:
      3c:	01 03 00 00 04 00                                   ......

00000042 <__ctors_start>:
__ctors_start():
      42:	01 07       	cpc	r16, r17

00000044 <__ctors_end>:
__dtors_start():
      44:	0f 07       	cpc	r16, r31

00000046 <__dtors_end>:
__dtors_end():
      46:	11 24       	eor	r1, r1
      48:	1f be       	out	0x3f, r1	; 63
      4a:	cf e5       	ldi	r28, 0x5F	; 95
      4c:	d2 e0       	ldi	r29, 0x02	; 2
      4e:	de bf       	out	0x3e, r29	; 62
      50:	cd bf       	out	0x3d, r28	; 61

00000052 <__do_copy_data>:
__do_copy_data():
/home/jenkins/workspace/avr-gcc-staging/label/debian7-x86_64/gcc-build/avr/avr25/libgcc/../../../../gcc/libgcc/config/avr/lib1funcs.S:2409
      52:	10 e0       	ldi	r17, 0x00	; 0
/home/jenkins/workspace/avr-gcc-staging/label/debian7-x86_64/gcc-build/avr/avr25/libgcc/../../../../gcc/libgcc/config/avr/lib1funcs.S:2410
      54:	a0 e6       	ldi	r26, 0x60	; 96
/home/jenkins/workspace/avr-gcc-staging/label/debian7-x86_64/gcc-build/avr/avr25/libgcc/../../../../gcc/libgcc/config/avr/lib1funcs.S:2411
      56:	b0 e0       	ldi	r27, 0x00	; 0
/home/jenkins/workspace/avr-gcc-staging/label/debian7-x86_64/gcc-build/avr/avr25/libgcc/../../../../gcc/libgcc/config/avr/lib1funcs.S:2412
      58:	e2 ec       	ldi	r30, 0xC2	; 194
/home/jenkins/workspace/avr-gcc-staging/label/debian7-x86_64/gcc-build/avr/avr25/libgcc/../../../../gcc/libgcc/config/avr/lib1funcs.S:2413
      5a:	f1 e1       	ldi	r31, 0x11	; 17
/home/jenkins/workspace/avr-gcc-staging/label/debian7-x86_64/gcc-build/avr/avr25/libgcc/../../../../gcc/libgcc/config/avr/lib1funcs.S:2414
      5c:	02 c0       	rjmp	.+4      	; 0x62 <__do_copy_data+0x10>
/home/jenkins/workspace/avr-gcc-staging/label/debian7-x86_64/gcc-build/avr/avr25/libgcc/../../../../gcc/libgcc/config/avr/lib1funcs.S:2417
      5e:	05 90       	lpm	r0, Z+
/home/jenkins/workspace/avr-gcc-staging/label/debian7-x86_64/gcc-build/avr/avr25/libgcc/../../../../gcc/libgcc/config/avr/lib1funcs.S:2422
      60:	0d 92       	st	X+, r0
/home/jenkins/workspace/avr-gcc-staging/label/debian7-x86_64/gcc-build/avr/avr25/libgcc/../../../../gcc/libgcc/config/avr/lib1funcs.S:2424
      62:	a4 3c       	cpi	r26, 0xC4	; 196
/home/jenkins/workspace/avr-gcc-staging/label/debian7-x86_64/gcc-build/avr/avr25/libgcc/../../../../gcc/libgcc/config/avr/lib1funcs.S:2425
      64:	b1 07       	cpc	r27, r17
/home/jenkins/workspace/avr-gcc-staging/label/debian7-x86_64/gcc-build/avr/avr25/libgcc/../../../../gcc/libgcc/config/avr/lib1funcs.S:2426
      66:	d9 f7       	brne	.-10     	; 0x5e <__do_copy_data+0xc>

00000068 <__do_clear_bss>:
__do_clear_bss():
/home/jenkins/workspace/avr-gcc-staging/label/debian7-x86_64/gcc-build/avr/avr25/libgcc/../../../../gcc/libgcc/config/avr/lib1funcs.S:2441
      68:	21 e0       	ldi	r18, 0x01	; 1
/home/jenkins/workspace/avr-gcc-staging/label/debian7-x86_64/gcc-build/avr/avr25/libgcc/../../../../gcc/libgcc/config/avr/lib1funcs.S:2442
      6a:	a4 ec       	ldi	r26, 0xC4	; 196
/home/jenkins/workspace/avr-gcc-staging/label/debian7-x86_64/gcc-build/avr/avr25/libgcc/../../../../gcc/libgcc/config/avr/lib1funcs.S:2443
      6c:	b0 e0       	ldi	r27, 0x00	; 0
/home/jenkins/workspace/avr-gcc-staging/label/debian7-x86_64/gcc-build/avr/avr25/libgcc/../../../../gcc/libgcc/config/avr/lib1funcs.S:2444
      6e:	01 c0       	rjmp	.+2      	; 0x72 <.do_clear_bss_start>

00000070 <.do_clear_bss_loop>:
/home/jenkins/workspace/avr-gcc-staging/label/debian7-x86_64/gcc-build/avr/avr25/libgcc/../../../../gcc/libgcc/config/avr/lib1funcs.S:2446
      70:	1d 92       	st	X+, r1

00000072 <.do_clear_bss_start>:
/home/jenkins/workspace/avr-gcc-staging/label/debian7-x86_64/gcc-build/avr/avr25/libgcc/../../../../gcc/libgcc/config/avr/lib1funcs.S:2448
      72:	a4 31       	cpi	r26, 0x14	; 20
/home/jenkins/workspace/avr-gcc-staging/label/debian7-x86_64/gcc-build/avr/avr25/libgcc/../../../../gcc/libgcc/config/avr/lib1funcs.S:2449
      74:	b2 07       	cpc	r27, r18
/home/jenkins/workspace/avr-gcc-staging/label/debian7-x86_64/gcc-build/avr/avr25/libgcc/../../../../gcc/libgcc/config/avr/lib1funcs.S:2450
      76:	e1 f7       	brne	.-8      	; 0x70 <.do_clear_bss_loop>

00000078 <__do_global_ctors>:
__do_global_ctors():
/home/jenkins/workspace/avr-gcc-staging/label/debian7-x86_64/gcc-build/avr/avr25/libgcc/../../../../gcc/libgcc/config/avr/lib1funcs.S:2466
      78:	10 e0       	ldi	r17, 0x00	; 0
/home/jenkins/workspace/avr-gcc-staging/label/debian7-x86_64/gcc-build/avr/avr25/libgcc/../../../../gcc/libgcc/config/avr/lib1funcs.S:2467
      7a:	c2 e2       	ldi	r28, 0x22	; 34
/home/jenkins/workspace/avr-gcc-staging/label/debian7-x86_64/gcc-build/avr/avr25/libgcc/../../../../gcc/libgcc/config/avr/lib1funcs.S:2468
      7c:	d0 e0       	ldi	r29, 0x00	; 0
/home/jenkins/workspace/avr-gcc-staging/label/debian7-x86_64/gcc-build/avr/avr25/libgcc/../../../../gcc/libgcc/config/avr/lib1funcs.S:2472
      7e:	03 c0       	rjmp	.+6      	; 0x86 <__do_global_ctors+0xe>
/home/jenkins/workspace/avr-gcc-staging/label/debian7-x86_64/gcc-build/avr/avr25/libgcc/../../../../gcc/libgcc/config/avr/lib1funcs.S:2474
      80:	21 97       	sbiw	r28, 0x01	; 1
/home/jenkins/workspace/avr-gcc-staging/label/debian7-x86_64/gcc-build/avr/avr25/libgcc/../../../../gcc/libgcc/config/avr/lib1funcs.S:2480
      82:	fe 01       	movw	r30, r28
/home/jenkins/workspace/avr-gcc-staging/label/debian7-x86_64/gcc-build/avr/avr25/libgcc/../../../../gcc/libgcc/config/avr/lib1funcs.S:2481
      84:	60 d7       	rcall	.+3776   	; 0xf46 <__tablejump2__>
/home/jenkins/workspace/avr-gcc-staging/label/debian7-x86_64/gcc-build/avr/avr25/libgcc/../../../../gcc/libgcc/config/avr/lib1funcs.S:2483
      86:	c1 32       	cpi	r28, 0x21	; 33
/home/jenkins/workspace/avr-gcc-staging/label/debian7-x86_64/gcc-build/avr/avr25/libgcc/../../../../gcc/libgcc/config/avr/lib1funcs.S:2484
      88:	d1 07       	cpc	r29, r17
/home/jenkins/workspace/avr-gcc-staging/label/debian7-x86_64/gcc-build/avr/avr25/libgcc/../../../../gcc/libgcc/config/avr/lib1funcs.S:2489
      8a:	d1 f7       	brne	.-12     	; 0x80 <__do_global_ctors+0x8>
      8c:	c0 d4       	rcall	.+2432   	; 0xa0e <main>
      8e:	8d c8       	rjmp	.-3814   	; 0xfffff1aa <__eeprom_end+0xff7ef1aa>

00000090 <__bad_interrupt>:
__vector_1():
      90:	b7 cf       	rjmp	.-146    	; 0x0 <__vectors>

00000092 <micros>:
micros():
/home/slb/.arduino15/packages/ATTinyCore/hardware/avr/1.5.2/cores/tiny/wiring.c:353

    return m;
  }

  unsigned long micros()
  {
      92:	cf 92       	push	r12
      94:	df 92       	push	r13
      96:	ef 92       	push	r14
      98:	ff 92       	push	r15
/home/slb/.arduino15/packages/ATTinyCore/hardware/avr/1.5.2/cores/tiny/wiring.c:360
    unsigned int r; // needed for some frequencies, optimized away otherwise
    unsigned char f; // temporary storage for millis fraction counter
    unsigned char q = 0; // record whether an overflow is flagged
#endif
    unsigned long m;
    uint8_t t, oldSREG = SREG;
      9a:	9f b7       	in	r25, 0x3f	; 63
/home/slb/.arduino15/packages/ATTinyCore/hardware/avr/1.5.2/cores/tiny/wiring.c:362

    cli();
      9c:	f8 94       	cli
/home/slb/.arduino15/packages/ATTinyCore/hardware/avr/1.5.2/cores/tiny/wiring.c:364
#ifdef CORRECT_EXACT_MICROS
    m = millis_timer_millis;
      9e:	c0 90 c8 00 	lds	r12, 0x00C8	; 0x8000c8 <millis_timer_millis>
      a2:	d0 90 c9 00 	lds	r13, 0x00C9	; 0x8000c9 <millis_timer_millis+0x1>
      a6:	e0 90 ca 00 	lds	r14, 0x00CA	; 0x8000ca <millis_timer_millis+0x2>
      aa:	f0 90 cb 00 	lds	r15, 0x00CB	; 0x8000cb <millis_timer_millis+0x3>
/home/slb/.arduino15/packages/ATTinyCore/hardware/avr/1.5.2/cores/tiny/wiring.c:365
    f = millis_timer_fract;
      ae:	30 91 c7 00 	lds	r19, 0x00C7	; 0x8000c7 <millis_timer_fract>
/home/slb/.arduino15/packages/ATTinyCore/hardware/avr/1.5.2/cores/tiny/wiring.c:370
#else
    m = millis_timer_overflow_count;
#endif
  #if defined(TCNT0) && (TIMER_TO_USE_FOR_MILLIS == 0) && !defined(TCW0)
    t = TCNT0;
      b2:	22 b7       	in	r18, 0x32	; 50
/home/slb/.arduino15/packages/ATTinyCore/hardware/avr/1.5.2/cores/tiny/wiring.c:389
      m++;
    #else
      q = 1;
    #endif
  #elif defined(TIFR) && (TIMER_TO_USE_FOR_MILLIS == 0)
    if ((TIFR & _BV(TOV0)) && (t < 255))
      b4:	88 b7       	in	r24, 0x38	; 56
      b6:	48 2f       	mov	r20, r24
      b8:	42 70       	andi	r20, 0x02	; 2
      ba:	81 ff       	sbrs	r24, 1
      bc:	04 c0       	rjmp	.+8      	; 0xc6 <micros+0x34>
      be:	41 e0       	ldi	r20, 0x01	; 1
      c0:	2f 3f       	cpi	r18, 0xFF	; 255
      c2:	09 f4       	brne	.+2      	; 0xc6 <micros+0x34>
      c4:	40 e0       	ldi	r20, 0x00	; 0
/home/slb/.arduino15/packages/ATTinyCore/hardware/avr/1.5.2/cores/tiny/wiring.c:411
    #else
      q = 1;
    #endif
  #endif

    SREG = oldSREG;
      c6:	9f bf       	out	0x3f, r25	; 63
/home/slb/.arduino15/packages/ATTinyCore/hardware/avr/1.5.2/cores/tiny/wiring.c:421
       Basically we multiply by 1000 and add the scaled timer.

       The leading part by m and f is long-term accurate.
       For the timer we just need to be close from below.
       Must never be too high, or micros jumps backwards. */
    m = (((m << 7) - (m << 1) - m + f) << 3) + ((
      c8:	c7 01       	movw	r24, r14
      ca:	b6 01       	movw	r22, r12
      cc:	57 e0       	ldi	r21, 0x07	; 7
      ce:	66 0f       	add	r22, r22
      d0:	77 1f       	adc	r23, r23
      d2:	88 1f       	adc	r24, r24
      d4:	99 1f       	adc	r25, r25
      d6:	5a 95       	dec	r21
      d8:	d1 f7       	brne	.-12     	; 0xce <micros+0x3c>
      da:	63 0f       	add	r22, r19
      dc:	71 1d       	adc	r23, r1
      de:	81 1d       	adc	r24, r1
      e0:	91 1d       	adc	r25, r1
      e2:	6c 19       	sub	r22, r12
      e4:	7d 09       	sbc	r23, r13
      e6:	8e 09       	sbc	r24, r14
      e8:	9f 09       	sbc	r25, r15
      ea:	cc 0c       	add	r12, r12
      ec:	dd 1c       	adc	r13, r13
      ee:	ee 1c       	adc	r14, r14
      f0:	ff 1c       	adc	r15, r15
      f2:	6c 19       	sub	r22, r12
      f4:	7d 09       	sbc	r23, r13
      f6:	8e 09       	sbc	r24, r14
      f8:	9f 09       	sbc	r25, r15
      fa:	f3 e0       	ldi	r31, 0x03	; 3
      fc:	66 0f       	add	r22, r22
      fe:	77 1f       	adc	r23, r23
     100:	88 1f       	adc	r24, r24
     102:	99 1f       	adc	r25, r25
     104:	fa 95       	dec	r31
     106:	d1 f7       	brne	.-12     	; 0xfc <micros+0x6a>
/home/slb/.arduino15/packages/ATTinyCore/hardware/avr/1.5.2/cores/tiny/wiring.c:433
    #elif F_CPU == 18432000L || F_CPU == 9216000L // 888, 444, etc.
        ((unsigned int) t << 8) - ((unsigned int) t << 5) - ((unsigned int) t << 1)
    #elif F_CPU == 18000000L // hand-tuned correction: 910
        (r = ((unsigned int) t << 8) - ((unsigned int) t << 5), r + (r >> 6))
    #elif F_CPU == 16500000L // hand-tuned correction: 992
        ((unsigned int) t << 8) - ((unsigned int) t << 3)
     108:	30 e0       	ldi	r19, 0x00	; 0
     10a:	f2 2f       	mov	r31, r18
     10c:	ee 27       	eor	r30, r30
     10e:	b3 e0       	ldi	r27, 0x03	; 3
     110:	22 0f       	add	r18, r18
     112:	33 1f       	adc	r19, r19
     114:	ba 95       	dec	r27
     116:	e1 f7       	brne	.-8      	; 0x110 <micros+0x7e>
     118:	df 01       	movw	r26, r30
     11a:	a2 1b       	sub	r26, r18
     11c:	b3 0b       	sbc	r27, r19
     11e:	9d 01       	movw	r18, r26
/home/slb/.arduino15/packages/ATTinyCore/hardware/avr/1.5.2/cores/tiny/wiring.c:446
                     CORRECT_BIT3) << 1)
                     CORRECT_BIT2) << 1)
                     CORRECT_BIT1) << 1)
                     CORRECT_BIT0)
    #endif
      ) >> (8 - CORRECT_BITS));
     120:	56 e0       	ldi	r21, 0x06	; 6
     122:	36 95       	lsr	r19
     124:	27 95       	ror	r18
     126:	5a 95       	dec	r21
     128:	e1 f7       	brne	.-8      	; 0x122 <micros+0x90>
/home/slb/.arduino15/packages/ATTinyCore/hardware/avr/1.5.2/cores/tiny/wiring.c:421
       Basically we multiply by 1000 and add the scaled timer.

       The leading part by m and f is long-term accurate.
       For the timer we just need to be close from below.
       Must never be too high, or micros jumps backwards. */
    m = (((m << 7) - (m << 1) - m + f) << 3) + ((
     12a:	62 0f       	add	r22, r18
     12c:	73 1f       	adc	r23, r19
     12e:	81 1d       	adc	r24, r1
     130:	91 1d       	adc	r25, r1
/home/slb/.arduino15/packages/ATTinyCore/hardware/avr/1.5.2/cores/tiny/wiring.c:447
                     CORRECT_BIT2) << 1)
                     CORRECT_BIT1) << 1)
                     CORRECT_BIT0)
    #endif
      ) >> (8 - CORRECT_BITS));
    return q ? m + MICROSECONDS_PER_MILLIS_OVERFLOW : m;
     132:	44 23       	and	r20, r20
     134:	21 f0       	breq	.+8      	; 0x13e <micros+0xac>
     136:	60 52       	subi	r22, 0x20	; 32
     138:	7c 4f       	sbci	r23, 0xFC	; 252
     13a:	8f 4f       	sbci	r24, 0xFF	; 255
     13c:	9f 4f       	sbci	r25, 0xFF	; 255
/home/slb/.arduino15/packages/ATTinyCore/hardware/avr/1.5.2/cores/tiny/wiring.c:508
      //return ((m << 8 )/clockCyclesPerMicrosecond()* MillisTimer_Prescale_Value) + ((t+(((m<<8)%clockCyclesPerMicrosecond())) * MillisTimer_Prescale_Value / clockCyclesPerMicrosecond()));
      return ((m << 8 )/clockCyclesPerMicrosecond()* MillisTimer_Prescale_Value) + (t * MillisTimer_Prescale_Value / clockCyclesPerMicrosecond());
    #endif
  #endif
  #endif // !CORRECT_EXACT_MICROS
  }
     13e:	ff 90       	pop	r15
     140:	ef 90       	pop	r14
     142:	df 90       	pop	r13
     144:	cf 90       	pop	r12
     146:	08 95       	ret

00000148 <Adafruit_NeoPixel::show() [clone .part.2]>:
_ZN17Adafruit_NeoPixel4showEv.part.2():
/home/slb/Documents/Arduino/libraries/Adafruit_NeoPixel/Adafruit_NeoPixel.cpp:258
           function is called (about 30 microseconds per RGB pixel, 40 for
           RGBW pixels). There's no easy fix for this, but a few
           specialized alternative or companion libraries exist that use
           very device-specific peripherals to work around it.
*/
void Adafruit_NeoPixel::show(void) {
     148:	cf 92       	push	r12
     14a:	df 92       	push	r13
     14c:	ef 92       	push	r14
     14e:	ff 92       	push	r15
     150:	0f 93       	push	r16
     152:	1f 93       	push	r17
     154:	cf 93       	push	r28
     156:	df 93       	push	r29
     158:	00 d0       	rcall	.+0      	; 0x15a <Adafruit_NeoPixel::show() [clone .part.2]+0x12>
     15a:	00 d0       	rcall	.+0      	; 0x15c <Adafruit_NeoPixel::show() [clone .part.2]+0x14>
     15c:	00 d0       	rcall	.+0      	; 0x15e <Adafruit_NeoPixel::show() [clone .part.2]+0x16>
     15e:	1f 92       	push	r1
     160:	cd b7       	in	r28, 0x3d	; 61
     162:	de b7       	in	r29, 0x3e	; 62
     164:	8c 01       	movw	r16, r24
_ZN17Adafruit_NeoPixel7canShowEv.isra.0():
/home/slb/Documents/Arduino/libraries/Adafruit_NeoPixel/Adafruit_NeoPixel.h:264
    // show() call happens precisely around the rollover, but that's
    // neither likely nor especially harmful, vs. other code that might
    // stall for 30+ minutes, or having to document and frequently remind
    // and/or provide tech support explaining an unintuitive need for
    // show() calls at least once an hour.
    uint32_t now = micros();
     166:	95 df       	rcall	.-214    	; 0x92 <micros>
/home/slb/Documents/Arduino/libraries/Adafruit_NeoPixel/Adafruit_NeoPixel.h:265
    if (endTime > now) {
     168:	d8 01       	movw	r26, r16
     16a:	1e 96       	adiw	r26, 0x0e	; 14
     16c:	cd 90       	ld	r12, X+
     16e:	dd 90       	ld	r13, X+
     170:	ed 90       	ld	r14, X+
     172:	fc 90       	ld	r15, X
     174:	51 97       	sbiw	r26, 0x11	; 17
     176:	6c 15       	cp	r22, r12
     178:	7d 05       	cpc	r23, r13
     17a:	8e 05       	cpc	r24, r14
     17c:	9f 05       	cpc	r25, r15
     17e:	28 f4       	brcc	.+10     	; 0x18a <Adafruit_NeoPixel::show() [clone .part.2]+0x42>
/home/slb/Documents/Arduino/libraries/Adafruit_NeoPixel/Adafruit_NeoPixel.h:266
      endTime = now;
     180:	f8 01       	movw	r30, r16
     182:	66 87       	std	Z+14, r22	; 0x0e
     184:	77 87       	std	Z+15, r23	; 0x0f
     186:	80 8b       	std	Z+16, r24	; 0x10
     188:	91 8b       	std	Z+17, r25	; 0x11
/home/slb/Documents/Arduino/libraries/Adafruit_NeoPixel/Adafruit_NeoPixel.h:268
    }
    return (now - endTime) >= 300L;
     18a:	d8 01       	movw	r26, r16
     18c:	1e 96       	adiw	r26, 0x0e	; 14
     18e:	cd 90       	ld	r12, X+
     190:	dd 90       	ld	r13, X+
     192:	ed 90       	ld	r14, X+
     194:	fc 90       	ld	r15, X
     196:	51 97       	sbiw	r26, 0x11	; 17
     198:	6c 19       	sub	r22, r12
     19a:	7d 09       	sbc	r23, r13
     19c:	8e 09       	sbc	r24, r14
     19e:	9f 09       	sbc	r25, r15
_ZN17Adafruit_NeoPixel4showEv.part.2():
/home/slb/Documents/Arduino/libraries/Adafruit_NeoPixel/Adafruit_NeoPixel.cpp:269
  // put a delay at the end of the function, the ending time is noted and
  // the function will simply hold off (if needed) on issuing the
  // subsequent round of data until the latch time has elapsed. This
  // allows the mainline code to start generating the next frame of data
  // rather than stalling for the latch.
  while (!canShow())
     1a0:	6c 32       	cpi	r22, 0x2C	; 44
     1a2:	71 40       	sbci	r23, 0x01	; 1
     1a4:	81 05       	cpc	r24, r1
     1a6:	91 05       	cpc	r25, r1
     1a8:	f0 f2       	brcs	.-68     	; 0x166 <Adafruit_NeoPixel::show() [clone .part.2]+0x1e>
/home/slb/Documents/Arduino/libraries/Adafruit_NeoPixel/Adafruit_NeoPixel.cpp:288
    // to the PORT register as needed.

    // NRF52 may use PWM + DMA (if available), may not need to disable interrupt
    // ESP32 may not disable interrupts because espShow() uses RMT which tries to acquire locks
#if !(defined(NRF52) || defined(NRF52_SERIES) || defined(ESP32))
  noInterrupts(); // Need 100% focus on instruction timing
     1aa:	f8 94       	cli
/home/slb/Documents/Arduino/libraries/Adafruit_NeoPixel/Adafruit_NeoPixel.cpp:294
#endif

#if defined(__AVR__)
  // AVR MCUs -- ATmega & ATtiny (no XMEGA) ---------------------------------

  volatile uint16_t i = numBytes; // Loop counter
     1ac:	f8 01       	movw	r30, r16
     1ae:	83 81       	ldd	r24, Z+3	; 0x03
     1b0:	94 81       	ldd	r25, Z+4	; 0x04
     1b2:	9a 83       	std	Y+2, r25	; 0x02
     1b4:	89 83       	std	Y+1, r24	; 0x01
/home/slb/Documents/Arduino/libraries/Adafruit_NeoPixel/Adafruit_NeoPixel.cpp:295
  volatile uint8_t *ptr = pixels, // Pointer to next byte
     1b6:	00 84       	ldd	r0, Z+8	; 0x08
     1b8:	f1 85       	ldd	r31, Z+9	; 0x09
     1ba:	e0 2d       	mov	r30, r0
/home/slb/Documents/Arduino/libraries/Adafruit_NeoPixel/Adafruit_NeoPixel.cpp:296
      b = *ptr++,                 // Current byte value
     1bc:	7f 01       	movw	r14, r30
     1be:	2f ef       	ldi	r18, 0xFF	; 255
     1c0:	e2 1a       	sub	r14, r18
     1c2:	f2 0a       	sbc	r15, r18
     1c4:	80 81       	ld	r24, Z
     1c6:	8b 83       	std	Y+3, r24	; 0x03
/home/slb/Documents/Arduino/libraries/Adafruit_NeoPixel/Adafruit_NeoPixel.cpp:1527
    // 20 inst. clocks per bit: HHHHHxxxxxxxxLLLLLLL
    // ST instructions:         ^   ^        ^       (T=0,5,13)

    volatile uint8_t next, bit;

    hi = *port | pinMask;
     1c8:	d8 01       	movw	r26, r16
     1ca:	52 96       	adiw	r26, 0x12	; 18
     1cc:	ed 91       	ld	r30, X+
     1ce:	fc 91       	ld	r31, X
     1d0:	53 97       	sbiw	r26, 0x13	; 19
     1d2:	90 81       	ld	r25, Z
     1d4:	54 96       	adiw	r26, 0x14	; 20
     1d6:	8c 91       	ld	r24, X
     1d8:	98 2b       	or	r25, r24
     1da:	9c 83       	std	Y+4, r25	; 0x04
/home/slb/Documents/Arduino/libraries/Adafruit_NeoPixel/Adafruit_NeoPixel.cpp:1528
    lo = *port & ~pinMask;
     1dc:	90 81       	ld	r25, Z
     1de:	80 95       	com	r24
     1e0:	89 23       	and	r24, r25
     1e2:	8d 83       	std	Y+5, r24	; 0x05
/home/slb/Documents/Arduino/libraries/Adafruit_NeoPixel/Adafruit_NeoPixel.cpp:1529
    next = lo;
     1e4:	8d 81       	ldd	r24, Y+5	; 0x05
     1e6:	8e 83       	std	Y+6, r24	; 0x06
/home/slb/Documents/Arduino/libraries/Adafruit_NeoPixel/Adafruit_NeoPixel.cpp:1530
    bit = 8;
     1e8:	88 e0       	ldi	r24, 0x08	; 8
     1ea:	8f 83       	std	Y+7, r24	; 0x07
/home/slb/Documents/Arduino/libraries/Adafruit_NeoPixel/Adafruit_NeoPixel.cpp:1578
                 "\n\t" // 2    i--           (T = 18)
                 "brne head20"
                 "\n" // 2    if(i != 0) -> (next byte)
                 : [port] "+e"(port), [byte] "+r"(b), [bit] "+r"(bit),
                   [next] "+r"(next), [count] "+w"(i)
                 : [ptr] "e"(ptr), [hi] "r"(hi), [lo] "r"(lo));
     1ec:	5c 81       	ldd	r21, Y+4	; 0x04
     1ee:	6d 81       	ldd	r22, Y+5	; 0x05
     1f0:	4b 81       	ldd	r20, Y+3	; 0x03
     1f2:	3f 81       	ldd	r19, Y+7	; 0x07
     1f4:	2e 81       	ldd	r18, Y+6	; 0x06
     1f6:	89 81       	ldd	r24, Y+1	; 0x01
     1f8:	9a 81       	ldd	r25, Y+2	; 0x02
     1fa:	d7 01       	movw	r26, r14

000001fc <head20>:
     1fc:	50 83       	st	Z, r21
     1fe:	47 fd       	sbrc	r20, 7
     200:	25 2f       	mov	r18, r21
     202:	3a 95       	dec	r19
     204:	20 83       	st	Z, r18
     206:	26 2f       	mov	r18, r22
     208:	39 f0       	breq	.+14     	; 0x218 <nextbyte20>
     20a:	44 1f       	adc	r20, r20
     20c:	00 c0       	rjmp	.+0      	; 0x20e <head20+0x12>
     20e:	00 00       	nop
     210:	60 83       	st	Z, r22
     212:	00 00       	nop
     214:	00 c0       	rjmp	.+0      	; 0x216 <head20+0x1a>
     216:	f2 cf       	rjmp	.-28     	; 0x1fc <head20>

00000218 <nextbyte20>:
     218:	38 e0       	ldi	r19, 0x08	; 8
     21a:	4d 91       	ld	r20, X+
     21c:	60 83       	st	Z, r22
     21e:	00 00       	nop
     220:	01 97       	sbiw	r24, 0x01	; 1
     222:	61 f7       	brne	.-40     	; 0x1fc <head20>
     224:	d8 01       	movw	r26, r16
     226:	53 96       	adiw	r26, 0x13	; 19
     228:	fc 93       	st	X, r31
     22a:	ee 93       	st	-X, r30
     22c:	52 97       	sbiw	r26, 0x12	; 18
     22e:	4b 83       	std	Y+3, r20	; 0x03
     230:	3f 83       	std	Y+7, r19	; 0x07
     232:	2e 83       	std	Y+6, r18	; 0x06
     234:	9a 83       	std	Y+2, r25	; 0x02
     236:	89 83       	std	Y+1, r24	; 0x01
/home/slb/Documents/Arduino/libraries/Adafruit_NeoPixel/Adafruit_NeoPixel.cpp:3118
#endif

  // END ARCHITECTURE SELECT ------------------------------------------------

#if !(defined(NRF52) || defined(NRF52_SERIES) || defined(ESP32))
  interrupts();
     238:	78 94       	sei
/home/slb/Documents/Arduino/libraries/Adafruit_NeoPixel/Adafruit_NeoPixel.cpp:3121
#endif

  endTime = micros(); // Save EOD time for latch on next call
     23a:	2b df       	rcall	.-426    	; 0x92 <micros>
     23c:	f8 01       	movw	r30, r16
     23e:	66 87       	std	Z+14, r22	; 0x0e
     240:	77 87       	std	Z+15, r23	; 0x0f
     242:	80 8b       	std	Z+16, r24	; 0x10
     244:	91 8b       	std	Z+17, r25	; 0x11
/home/slb/Documents/Arduino/libraries/Adafruit_NeoPixel/Adafruit_NeoPixel.cpp:3122
}
     246:	27 96       	adiw	r28, 0x07	; 7
     248:	0f b6       	in	r0, 0x3f	; 63
     24a:	f8 94       	cli
     24c:	de bf       	out	0x3e, r29	; 62
     24e:	0f be       	out	0x3f, r0	; 63
     250:	cd bf       	out	0x3d, r28	; 61
     252:	df 91       	pop	r29
     254:	cf 91       	pop	r28
     256:	1f 91       	pop	r17
     258:	0f 91       	pop	r16
     25a:	ff 90       	pop	r15
     25c:	ef 90       	pop	r14
     25e:	df 90       	pop	r13
     260:	cf 90       	pop	r12
     262:	08 95       	ret

00000264 <Adafruit_NeoPixel::setPixelColor(unsigned int, unsigned long)>:
_ZN17Adafruit_NeoPixel13setPixelColorEjm():
/home/slb/Documents/Arduino/libraries/Adafruit_NeoPixel/Adafruit_NeoPixel.cpp:3217
  @param   n  Pixel index, starting from 0.
  @param   c  32-bit color value. Most significant byte is white (for RGBW
              pixels) or ignored (for RGB pixels), next is red, then green,
              and least significant byte is blue.
*/
void Adafruit_NeoPixel::setPixelColor(uint16_t n, uint32_t c) {
     264:	8f 92       	push	r8
     266:	9f 92       	push	r9
     268:	af 92       	push	r10
     26a:	bf 92       	push	r11
     26c:	cf 92       	push	r12
     26e:	df 92       	push	r13
     270:	ef 92       	push	r14
     272:	ff 92       	push	r15
     274:	0f 93       	push	r16
     276:	1f 93       	push	r17
     278:	cf 93       	push	r28
     27a:	df 93       	push	r29
     27c:	fc 01       	movw	r30, r24
     27e:	eb 01       	movw	r28, r22
     280:	89 01       	movw	r16, r18
     282:	9a 01       	movw	r18, r20
/home/slb/Documents/Arduino/libraries/Adafruit_NeoPixel/Adafruit_NeoPixel.cpp:3218
  if (n < numLEDs) {
     284:	81 81       	ldd	r24, Z+1	; 0x01
     286:	92 81       	ldd	r25, Z+2	; 0x02
     288:	68 17       	cp	r22, r24
     28a:	79 07       	cpc	r23, r25
     28c:	c0 f5       	brcc	.+112    	; 0x2fe <Adafruit_NeoPixel::setPixelColor(unsigned int, unsigned long)+0x9a>
/home/slb/Documents/Arduino/libraries/Adafruit_NeoPixel/Adafruit_NeoPixel.cpp:3219
    uint8_t *p, r = (uint8_t)(c >> 16), g = (uint8_t)(c >> 8), b = (uint8_t)c;
     28e:	a9 01       	movw	r20, r18
     290:	66 27       	eor	r22, r22
     292:	77 27       	eor	r23, r23
     294:	e4 2e       	mov	r14, r20
     296:	81 2e       	mov	r8, r17
     298:	92 2e       	mov	r9, r18
     29a:	a3 2e       	mov	r10, r19
     29c:	bb 24       	eor	r11, r11
     29e:	f8 2c       	mov	r15, r8
     2a0:	d0 2e       	mov	r13, r16
/home/slb/Documents/Arduino/libraries/Adafruit_NeoPixel/Adafruit_NeoPixel.cpp:3220
    if (brightness) { // See notes in setBrightness()
     2a2:	c7 80       	ldd	r12, Z+7	; 0x07
     2a4:	cc 20       	and	r12, r12
     2a6:	89 f0       	breq	.+34     	; 0x2ca <Adafruit_NeoPixel::setPixelColor(unsigned int, unsigned long)+0x66>
/home/slb/Documents/Arduino/libraries/Adafruit_NeoPixel/Adafruit_NeoPixel.cpp:3221
      r = (r * brightness) >> 8;
     2a8:	ac 2d       	mov	r26, r12
     2aa:	b0 e0       	ldi	r27, 0x00	; 0
     2ac:	84 2f       	mov	r24, r20
     2ae:	90 e0       	ldi	r25, 0x00	; 0
     2b0:	bd 01       	movw	r22, r26
     2b2:	d0 d5       	rcall	.+2976   	; 0xe54 <__mulhi3>
     2b4:	e9 2e       	mov	r14, r25
/home/slb/Documents/Arduino/libraries/Adafruit_NeoPixel/Adafruit_NeoPixel.cpp:3222
      g = (g * brightness) >> 8;
     2b6:	88 2d       	mov	r24, r8
     2b8:	90 e0       	ldi	r25, 0x00	; 0
     2ba:	bd 01       	movw	r22, r26
     2bc:	cb d5       	rcall	.+2966   	; 0xe54 <__mulhi3>
     2be:	f9 2e       	mov	r15, r25
/home/slb/Documents/Arduino/libraries/Adafruit_NeoPixel/Adafruit_NeoPixel.cpp:3223
      b = (b * brightness) >> 8;
     2c0:	80 2f       	mov	r24, r16
     2c2:	90 e0       	ldi	r25, 0x00	; 0
     2c4:	bd 01       	movw	r22, r26
     2c6:	c6 d5       	rcall	.+2956   	; 0xe54 <__mulhi3>
     2c8:	d9 2e       	mov	r13, r25
/home/slb/Documents/Arduino/libraries/Adafruit_NeoPixel/Adafruit_NeoPixel.cpp:3225
    }
    if (wOffset == rOffset) {
     2ca:	45 85       	ldd	r20, Z+13	; 0x0d
     2cc:	a0 85       	ldd	r26, Z+8	; 0x08
     2ce:	b1 85       	ldd	r27, Z+9	; 0x09
     2d0:	82 85       	ldd	r24, Z+10	; 0x0a
     2d2:	48 13       	cpse	r20, r24
     2d4:	21 c0       	rjmp	.+66     	; 0x318 <Adafruit_NeoPixel::setPixelColor(unsigned int, unsigned long)+0xb4>
/home/slb/Documents/Arduino/libraries/Adafruit_NeoPixel/Adafruit_NeoPixel.cpp:3226
      p = &pixels[n * 3];
     2d6:	ce 01       	movw	r24, r28
     2d8:	63 e0       	ldi	r22, 0x03	; 3
     2da:	70 e0       	ldi	r23, 0x00	; 0
     2dc:	bb d5       	rcall	.+2934   	; 0xe54 <__mulhi3>
     2de:	a8 0f       	add	r26, r24
     2e0:	b9 1f       	adc	r27, r25
/home/slb/Documents/Arduino/libraries/Adafruit_NeoPixel/Adafruit_NeoPixel.cpp:3232
    } else {
      p = &pixels[n * 4];
      uint8_t w = (uint8_t)(c >> 24);
      p[wOffset] = brightness ? ((w * brightness) >> 8) : w;
    }
    p[rOffset] = r;
     2e2:	c2 85       	ldd	r28, Z+10	; 0x0a
     2e4:	ca 0f       	add	r28, r26
     2e6:	db 2f       	mov	r29, r27
     2e8:	d1 1d       	adc	r29, r1
     2ea:	e8 82       	st	Y, r14
/home/slb/Documents/Arduino/libraries/Adafruit_NeoPixel/Adafruit_NeoPixel.cpp:3233
    p[gOffset] = g;
     2ec:	c3 85       	ldd	r28, Z+11	; 0x0b
     2ee:	ca 0f       	add	r28, r26
     2f0:	db 2f       	mov	r29, r27
     2f2:	d1 1d       	adc	r29, r1
     2f4:	f8 82       	st	Y, r15
/home/slb/Documents/Arduino/libraries/Adafruit_NeoPixel/Adafruit_NeoPixel.cpp:3234
    p[bOffset] = b;
     2f6:	84 85       	ldd	r24, Z+12	; 0x0c
     2f8:	a8 0f       	add	r26, r24
     2fa:	b1 1d       	adc	r27, r1
     2fc:	dc 92       	st	X, r13
/home/slb/Documents/Arduino/libraries/Adafruit_NeoPixel/Adafruit_NeoPixel.cpp:3236
  }
}
     2fe:	df 91       	pop	r29
     300:	cf 91       	pop	r28
     302:	1f 91       	pop	r17
     304:	0f 91       	pop	r16
     306:	ff 90       	pop	r15
     308:	ef 90       	pop	r14
     30a:	df 90       	pop	r13
     30c:	cf 90       	pop	r12
     30e:	bf 90       	pop	r11
     310:	af 90       	pop	r10
     312:	9f 90       	pop	r9
     314:	8f 90       	pop	r8
     316:	08 95       	ret
/home/slb/Documents/Arduino/libraries/Adafruit_NeoPixel/Adafruit_NeoPixel.cpp:3228
      b = (b * brightness) >> 8;
    }
    if (wOffset == rOffset) {
      p = &pixels[n * 3];
    } else {
      p = &pixels[n * 4];
     318:	cc 0f       	add	r28, r28
     31a:	dd 1f       	adc	r29, r29
     31c:	cc 0f       	add	r28, r28
     31e:	dd 1f       	adc	r29, r29
     320:	ac 0f       	add	r26, r28
     322:	bd 1f       	adc	r27, r29
/home/slb/Documents/Arduino/libraries/Adafruit_NeoPixel/Adafruit_NeoPixel.cpp:3229
      uint8_t w = (uint8_t)(c >> 24);
     324:	03 2f       	mov	r16, r19
     326:	11 27       	eor	r17, r17
     328:	22 27       	eor	r18, r18
     32a:	33 27       	eor	r19, r19
     32c:	90 2f       	mov	r25, r16
/home/slb/Documents/Arduino/libraries/Adafruit_NeoPixel/Adafruit_NeoPixel.cpp:3230
      p[wOffset] = brightness ? ((w * brightness) >> 8) : w;
     32e:	cc 20       	and	r12, r12
     330:	21 f0       	breq	.+8      	; 0x33a <Adafruit_NeoPixel::setPixelColor(unsigned int, unsigned long)+0xd6>
     332:	8c 2d       	mov	r24, r12
     334:	90 e0       	ldi	r25, 0x00	; 0
     336:	b8 01       	movw	r22, r16
     338:	8d d5       	rcall	.+2842   	; 0xe54 <__mulhi3>
     33a:	ed 01       	movw	r28, r26
     33c:	c4 0f       	add	r28, r20
     33e:	d1 1d       	adc	r29, r1
     340:	98 83       	st	Y, r25
     342:	cf cf       	rjmp	.-98     	; 0x2e2 <Adafruit_NeoPixel::setPixelColor(unsigned int, unsigned long)+0x7e>

00000344 <animRingOverlayTrail()>:
_Z20animRingOverlayTrailv():
/usr/local/src/slabua/zr7-taillight/firmware/zr7-taillight-attiny85/zr7-taillight-attiny85.ino:608
void animPlateLeftTrail()  { renderPlateTrailEx(PLATE_LEFT); }
void animPlateRightTrail() { renderPlateTrailEx(PLATE_RIGHT); }
void animPlateEmergTrail() { renderPlateTrailEx(PLATE_EMERG); }
void animPlateEmergDoubleTrail() { renderPlateTrailEx(PLATE_EMERG_DOUBLE); }

void animRingOverlayTrail() { renderSweepTrailEx(20, 16, PLATE_RIGHT); }
     344:	cf 93       	push	r28
     346:	df 93       	push	r29
renderSweepTrailEx():
/usr/local/src/slabua/zr7-taillight/firmware/zr7-taillight-attiny85/zr7-taillight-attiny85.ino:363

  static int16_t sweepPos = 0;
  static int8_t  sweepDir = +1;

  /* direction is explicitly +1 or -1 */
  sweepDir = (profile.dir >= 0) ? +1 : -1;
     348:	81 e0       	ldi	r24, 0x01	; 1
     34a:	80 93 60 00 	sts	0x0060, r24	; 0x800060 <__DATA_REGION_ORIGIN__>
/usr/local/src/slabua/zr7-taillight/firmware/zr7-taillight-attiny85/zr7-taillight-attiny85.ino:375
//    start,
//    start + count - 1
//  );

  /* advance position (wrap only) */
  sweepPos += sweepDir;
     34e:	80 91 c4 00 	lds	r24, 0x00C4	; 0x8000c4 <__data_end>
     352:	90 91 c5 00 	lds	r25, 0x00C5	; 0x8000c5 <__data_end+0x1>
     356:	01 96       	adiw	r24, 0x01	; 1
/usr/local/src/slabua/zr7-taillight/firmware/zr7-taillight-attiny85/zr7-taillight-attiny85.ino:376
  if (sweepPos >= count) sweepPos = 0;
     358:	80 31       	cpi	r24, 0x10	; 16
     35a:	91 05       	cpc	r25, r1
     35c:	7c f5       	brge	.+94     	; 0x3bc <animRingOverlayTrail()+0x78>
/usr/local/src/slabua/zr7-taillight/firmware/zr7-taillight-attiny85/zr7-taillight-attiny85.ino:375
//    start,
//    start + count - 1
//  );

  /* advance position (wrap only) */
  sweepPos += sweepDir;
     35e:	90 93 c5 00 	sts	0x00C5, r25	; 0x8000c5 <__data_end+0x1>
     362:	80 93 c4 00 	sts	0x00C4, r24	; 0x8000c4 <__data_end>
/usr/local/src/slabua/zr7-taillight/firmware/zr7-taillight-attiny85/zr7-taillight-attiny85.ino:377
  if (sweepPos >= count) sweepPos = 0;
  if (sweepPos < 0)      sweepPos = count - 1;
     366:	80 91 c4 00 	lds	r24, 0x00C4	; 0x8000c4 <__data_end>
     36a:	90 91 c5 00 	lds	r25, 0x00C5	; 0x8000c5 <__data_end+0x1>
     36e:	97 ff       	sbrs	r25, 7
     370:	06 c0       	rjmp	.+12     	; 0x37e <animRingOverlayTrail()+0x3a>
     372:	8f e0       	ldi	r24, 0x0F	; 15
     374:	90 e0       	ldi	r25, 0x00	; 0
     376:	90 93 c5 00 	sts	0x00C5, r25	; 0x8000c5 <__data_end+0x1>
     37a:	80 93 c4 00 	sts	0x00C4, r24	; 0x8000c4 <__data_end>
/usr/local/src/slabua/zr7-taillight/firmware/zr7-taillight-attiny85/zr7-taillight-attiny85.ino:381

  /* normal sweep with trail */
  for (uint8_t i = 0; i < PLATE_TRAIL_LEN; i++) {
    int16_t p = sweepPos - (sweepDir * i);
     37e:	c0 91 c4 00 	lds	r28, 0x00C4	; 0x8000c4 <__data_end>
     382:	d0 91 c5 00 	lds	r29, 0x00C5	; 0x8000c5 <__data_end+0x1>
/usr/local/src/slabua/zr7-taillight/firmware/zr7-taillight-attiny85/zr7-taillight-attiny85.ino:382
    if (p < 0 || p >= count) break;
     386:	c0 31       	cpi	r28, 0x10	; 16
     388:	d1 05       	cpc	r29, r1
     38a:	e8 f4       	brcc	.+58     	; 0x3c6 <animRingOverlayTrail()+0x82>
/usr/local/src/slabua/zr7-taillight/firmware/zr7-taillight-attiny85/zr7-taillight-attiny85.ino:386

    uint8_t v = 255 - (i * (255 / PLATE_TRAIL_LEN));

    rings.setPixelColor(
     38c:	20 e0       	ldi	r18, 0x00	; 0
     38e:	30 e5       	ldi	r19, 0x50	; 80
     390:	4f ef       	ldi	r20, 0xFF	; 255
     392:	50 e0       	ldi	r21, 0x00	; 0
     394:	be 01       	movw	r22, r28
     396:	6c 5e       	subi	r22, 0xEC	; 236
     398:	7f 4f       	sbci	r23, 0xFF	; 255
     39a:	85 ee       	ldi	r24, 0xE5	; 229
     39c:	90 e0       	ldi	r25, 0x00	; 0
     39e:	62 df       	rcall	.-316    	; 0x264 <Adafruit_NeoPixel::setPixelColor(unsigned int, unsigned long)>
/usr/local/src/slabua/zr7-taillight/firmware/zr7-taillight-attiny85/zr7-taillight-attiny85.ino:382
  if (sweepPos < 0)      sweepPos = count - 1;

  /* normal sweep with trail */
  for (uint8_t i = 0; i < PLATE_TRAIL_LEN; i++) {
    int16_t p = sweepPos - (sweepDir * i);
    if (p < 0 || p >= count) break;
     3a0:	20 97       	sbiw	r28, 0x00	; 0
     3a2:	89 f0       	breq	.+34     	; 0x3c6 <animRingOverlayTrail()+0x82>
/usr/local/src/slabua/zr7-taillight/firmware/zr7-taillight-attiny85/zr7-taillight-attiny85.ino:387

    uint8_t v = 255 - (i * (255 / PLATE_TRAIL_LEN));

    rings.setPixelColor(
      start + p,
     3a4:	be 01       	movw	r22, r28
     3a6:	6d 5e       	subi	r22, 0xED	; 237
     3a8:	7f 4f       	sbci	r23, 0xFF	; 255
/usr/local/src/slabua/zr7-taillight/firmware/zr7-taillight-attiny85/zr7-taillight-attiny85.ino:386
    int16_t p = sweepPos - (sweepDir * i);
    if (p < 0 || p >= count) break;

    uint8_t v = 255 - (i * (255 / PLATE_TRAIL_LEN));

    rings.setPixelColor(
     3aa:	20 e0       	ldi	r18, 0x00	; 0
     3ac:	38 e2       	ldi	r19, 0x28	; 40
     3ae:	40 e8       	ldi	r20, 0x80	; 128
     3b0:	50 e0       	ldi	r21, 0x00	; 0
     3b2:	85 ee       	ldi	r24, 0xE5	; 229
     3b4:	90 e0       	ldi	r25, 0x00	; 0
_Z20animRingOverlayTrailv():
/usr/local/src/slabua/zr7-taillight/firmware/zr7-taillight-attiny85/zr7-taillight-attiny85.ino:608
void animPlateLeftTrail()  { renderPlateTrailEx(PLATE_LEFT); }
void animPlateRightTrail() { renderPlateTrailEx(PLATE_RIGHT); }
void animPlateEmergTrail() { renderPlateTrailEx(PLATE_EMERG); }
void animPlateEmergDoubleTrail() { renderPlateTrailEx(PLATE_EMERG_DOUBLE); }

void animRingOverlayTrail() { renderSweepTrailEx(20, 16, PLATE_RIGHT); }
     3b6:	df 91       	pop	r29
     3b8:	cf 91       	pop	r28
renderSweepTrailEx():
/usr/local/src/slabua/zr7-taillight/firmware/zr7-taillight-attiny85/zr7-taillight-attiny85.ino:386
    int16_t p = sweepPos - (sweepDir * i);
    if (p < 0 || p >= count) break;

    uint8_t v = 255 - (i * (255 / PLATE_TRAIL_LEN));

    rings.setPixelColor(
     3ba:	54 cf       	rjmp	.-344    	; 0x264 <Adafruit_NeoPixel::setPixelColor(unsigned int, unsigned long)>
/usr/local/src/slabua/zr7-taillight/firmware/zr7-taillight-attiny85/zr7-taillight-attiny85.ino:376
//    start + count - 1
//  );

  /* advance position (wrap only) */
  sweepPos += sweepDir;
  if (sweepPos >= count) sweepPos = 0;
     3bc:	10 92 c5 00 	sts	0x00C5, r1	; 0x8000c5 <__data_end+0x1>
     3c0:	10 92 c4 00 	sts	0x00C4, r1	; 0x8000c4 <__data_end>
     3c4:	d0 cf       	rjmp	.-96     	; 0x366 <animRingOverlayTrail()+0x22>
_Z20animRingOverlayTrailv():
/usr/local/src/slabua/zr7-taillight/firmware/zr7-taillight-attiny85/zr7-taillight-attiny85.ino:608
void animPlateLeftTrail()  { renderPlateTrailEx(PLATE_LEFT); }
void animPlateRightTrail() { renderPlateTrailEx(PLATE_RIGHT); }
void animPlateEmergTrail() { renderPlateTrailEx(PLATE_EMERG); }
void animPlateEmergDoubleTrail() { renderPlateTrailEx(PLATE_EMERG_DOUBLE); }

void animRingOverlayTrail() { renderSweepTrailEx(20, 16, PLATE_RIGHT); }
     3c6:	df 91       	pop	r29
     3c8:	cf 91       	pop	r28
     3ca:	08 95       	ret

000003cc <animRingsIdle(unsigned int)>:
_Z13animRingsIdlej():
/usr/local/src/slabua/zr7-taillight/firmware/zr7-taillight-attiny85/zr7-taillight-attiny85.ino:431
    }
  }
}

// ---------------- RING ANIMATIONS ----------------
void animRingsIdle(uint16_t animTick) {
     3cc:	cf 92       	push	r12
     3ce:	df 92       	push	r13
     3d0:	ef 92       	push	r14
     3d2:	ff 92       	push	r15
     3d4:	cf 93       	push	r28
     3d6:	df 93       	push	r29
/usr/local/src/slabua/zr7-taillight/firmware/zr7-taillight-attiny85/zr7-taillight-attiny85.ino:432
  uint16_t idle_t = animTick % IDLE_PERIOD_TICKS;
     3d8:	28 ec       	ldi	r18, 0xC8	; 200
     3da:	30 e0       	ldi	r19, 0x00	; 0
     3dc:	b9 01       	movw	r22, r18
     3de:	7d d5       	rcall	.+2810   	; 0xeda <__udivmodhi4>
/usr/local/src/slabua/zr7-taillight/firmware/zr7-taillight-attiny85/zr7-taillight-attiny85.ino:436

  uint8_t idle_wave =
    (idle_t < IDLE_PERIOD_TICKS / 2)
      ? (uint32_t)idle_t * (IDLE_SPAN * 2) / IDLE_PERIOD_TICKS
     3e0:	bc 01       	movw	r22, r24
/usr/local/src/slabua/zr7-taillight/firmware/zr7-taillight-attiny85/zr7-taillight-attiny85.ino:434

// ---------------- RING ANIMATIONS ----------------
void animRingsIdle(uint16_t animTick) {
  uint16_t idle_t = animTick % IDLE_PERIOD_TICKS;

  uint8_t idle_wave =
     3e2:	84 36       	cpi	r24, 0x64	; 100
     3e4:	91 05       	cpc	r25, r1
     3e6:	18 f0       	brcs	.+6      	; 0x3ee <animRingsIdle(unsigned int)+0x22>
/usr/local/src/slabua/zr7-taillight/firmware/zr7-taillight-attiny85/zr7-taillight-attiny85.ino:437
    (idle_t < IDLE_PERIOD_TICKS / 2)
      ? (uint32_t)idle_t * (IDLE_SPAN * 2) / IDLE_PERIOD_TICKS
      : (uint32_t)(IDLE_PERIOD_TICKS - idle_t) * (IDLE_SPAN * 2) / IDLE_PERIOD_TICKS;
     3e8:	28 1b       	sub	r18, r24
     3ea:	39 0b       	sbc	r19, r25
     3ec:	b9 01       	movw	r22, r18
     3ee:	90 e0       	ldi	r25, 0x00	; 0
     3f0:	80 e0       	ldi	r24, 0x00	; 0
     3f2:	26 e7       	ldi	r18, 0x76	; 118
     3f4:	30 e0       	ldi	r19, 0x00	; 0
     3f6:	40 e0       	ldi	r20, 0x00	; 0
     3f8:	50 e0       	ldi	r21, 0x00	; 0
     3fa:	3d d5       	rcall	.+2682   	; 0xe76 <__mulsi3>
     3fc:	28 ec       	ldi	r18, 0xC8	; 200
     3fe:	30 e0       	ldi	r19, 0x00	; 0
     400:	40 e0       	ldi	r20, 0x00	; 0
     402:	50 e0       	ldi	r21, 0x00	; 0
     404:	7e d5       	rcall	.+2812   	; 0xf02 <__udivmodsi4>
/usr/local/src/slabua/zr7-taillight/firmware/zr7-taillight-attiny85/zr7-taillight-attiny85.ino:439

  uint8_t idle_val = IDLE_MIN_BRIGHTNESS + idle_wave;
     406:	2b 5f       	subi	r18, 0xFB	; 251
/usr/local/src/slabua/zr7-taillight/firmware/zr7-taillight-attiny85/zr7-taillight-attiny85.ino:440
  uint32_t colour = rings.Color(idle_val, (idle_val / 10) + 1, 0);
     408:	82 2f       	mov	r24, r18
     40a:	6a e0       	ldi	r22, 0x0A	; 10
     40c:	4d d5       	rcall	.+2714   	; 0xea8 <__udivmodqi4>
     40e:	8f 5f       	subi	r24, 0xFF	; 255
_ZN17Adafruit_NeoPixel5ColorEhhh():
/home/slb/Documents/Arduino/libraries/Adafruit_NeoPixel/Adafruit_NeoPixel.h:338
             variable for later use or passed to the setPixelColor()
             function. Packed RGB format is predictable, regardless of
             LED strand color order.
  */
  static uint32_t Color(uint8_t r, uint8_t g, uint8_t b) {
    return ((uint32_t)r << 16) | ((uint32_t)g << 8) | b;
     410:	c2 2e       	mov	r12, r18
     412:	d1 2c       	mov	r13, r1
     414:	f1 2c       	mov	r15, r1
     416:	e1 2c       	mov	r14, r1
     418:	76 01       	movw	r14, r12
     41a:	dd 24       	eor	r13, r13
     41c:	cc 24       	eor	r12, r12
     41e:	d8 2a       	or	r13, r24
     420:	cc e2       	ldi	r28, 0x2C	; 44
     422:	d0 e0       	ldi	r29, 0x00	; 0
_Z13animRingsIdlej():
/usr/local/src/slabua/zr7-taillight/firmware/zr7-taillight-attiny85/zr7-taillight-attiny85.ino:443

  for (uint8_t i = 0; i < RING_LEDS; i++)
    rings.setPixelColor(ringIndex(i, RING_CW), colour);
     424:	a7 01       	movw	r20, r14
     426:	96 01       	movw	r18, r12
     428:	be 01       	movw	r22, r28
     42a:	85 ee       	ldi	r24, 0xE5	; 229
     42c:	90 e0       	ldi	r25, 0x00	; 0
     42e:	1a df       	rcall	.-460    	; 0x264 <Adafruit_NeoPixel::setPixelColor(unsigned int, unsigned long)>
     430:	21 97       	sbiw	r28, 0x01	; 1
     432:	c0 f7       	brcc	.-16     	; 0x424 <__LOCK_REGION_LENGTH__+0x24>
/usr/local/src/slabua/zr7-taillight/firmware/zr7-taillight-attiny85/zr7-taillight-attiny85.ino:442
      : (uint32_t)(IDLE_PERIOD_TICKS - idle_t) * (IDLE_SPAN * 2) / IDLE_PERIOD_TICKS;

  uint8_t idle_val = IDLE_MIN_BRIGHTNESS + idle_wave;
  uint32_t colour = rings.Color(idle_val, (idle_val / 10) + 1, 0);

  for (uint8_t i = 0; i < RING_LEDS; i++)
     434:	c3 e2       	ldi	r28, 0x23	; 35
     436:	d0 e0       	ldi	r29, 0x00	; 0
fillRings():
/usr/local/src/slabua/zr7-taillight/firmware/zr7-taillight-attiny85/zr7-taillight-attiny85.ino:223
  if (start > end) return;

  uint32_t colour = rings.Color(r, g, b);

  for (uint8_t i = start; i <= end; i++) {
    rings.setPixelColor(i, colour);
     438:	20 e4       	ldi	r18, 0x40	; 64
     43a:	30 e0       	ldi	r19, 0x00	; 0
     43c:	40 e0       	ldi	r20, 0x00	; 0
     43e:	50 e0       	ldi	r21, 0x00	; 0
     440:	be 01       	movw	r22, r28
     442:	85 ee       	ldi	r24, 0xE5	; 229
     444:	90 e0       	ldi	r25, 0x00	; 0
     446:	0e df       	rcall	.-484    	; 0x264 <Adafruit_NeoPixel::setPixelColor(unsigned int, unsigned long)>
     448:	21 96       	adiw	r28, 0x01	; 1
/usr/local/src/slabua/zr7-taillight/firmware/zr7-taillight-attiny85/zr7-taillight-attiny85.ino:222
  if (end   >= RING_LEDS) end = RING_LEDS - 1;
  if (start > end) return;

  uint32_t colour = rings.Color(r, g, b);

  for (uint8_t i = start; i <= end; i++) {
     44a:	cd 32       	cpi	r28, 0x2D	; 45
     44c:	d1 05       	cpc	r29, r1
     44e:	a1 f7       	brne	.-24     	; 0x438 <__LOCK_REGION_LENGTH__+0x38>
/usr/local/src/slabua/zr7-taillight/firmware/zr7-taillight-attiny85/zr7-taillight-attiny85.ino:226
    rings.setPixelColor(i, colour);
  }

  ringsDirty = true;
     450:	81 e0       	ldi	r24, 0x01	; 1
     452:	80 93 fa 00 	sts	0x00FA, r24	; 0x8000fa <ringsDirty>
_Z13animRingsIdlej():
/usr/local/src/slabua/zr7-taillight/firmware/zr7-taillight-attiny85/zr7-taillight-attiny85.ino:449
    //rings.setPixelColor(i, colour);

  fillRings(0, 0, IDLE_MAX_BRIGHTNESS, 35, 44);

  ringsDirty = true;
}
     456:	df 91       	pop	r29
     458:	cf 91       	pop	r28
     45a:	ff 90       	pop	r15
     45c:	ef 90       	pop	r14
     45e:	df 90       	pop	r13
     460:	cf 90       	pop	r12
     462:	08 95       	ret

00000464 <renderPlateTrailEx(PlateTrailProfile const&)>:
_ZL18renderPlateTrailExRK17PlateTrailProfile():
/usr/local/src/slabua/zr7-taillight/firmware/zr7-taillight-attiny85/zr7-taillight-attiny85.ino:287
    else if (platePos >= PLATE_LEDS)
      platePos = 0;
  }
}

static inline void renderPlateTrailEx(const PlateTrailProfile& profile) {
     464:	4f 92       	push	r4
     466:	5f 92       	push	r5
     468:	6f 92       	push	r6
     46a:	7f 92       	push	r7
     46c:	af 92       	push	r10
     46e:	bf 92       	push	r11
     470:	cf 92       	push	r12
     472:	df 92       	push	r13
     474:	ef 92       	push	r14
     476:	ff 92       	push	r15
     478:	0f 93       	push	r16
     47a:	1f 93       	push	r17
     47c:	cf 93       	push	r28
     47e:	df 93       	push	r29
     480:	00 d0       	rcall	.+0      	; 0x482 <renderPlateTrailEx(PlateTrailProfile const&)+0x1e>
     482:	00 d0       	rcall	.+0      	; 0x484 <renderPlateTrailEx(PlateTrailProfile const&)+0x20>
     484:	00 d0       	rcall	.+0      	; 0x486 <renderPlateTrailEx(PlateTrailProfile const&)+0x22>
     486:	cd b7       	in	r28, 0x3d	; 61
     488:	de b7       	in	r29, 0x3e	; 62
     48a:	9a 83       	std	Y+2, r25	; 0x02
     48c:	89 83       	std	Y+1, r24	; 0x01
/usr/local/src/slabua/zr7-taillight/firmware/zr7-taillight-attiny85/zr7-taillight-attiny85.ino:288
  if ((animTick % PLATE_STOP_DIV) != 0) return;
     48e:	80 91 ff 00 	lds	r24, 0x00FF	; 0x8000ff <animTick>
     492:	90 91 00 01 	lds	r25, 0x0100	; 0x800100 <animTick+0x1>
     496:	6a e0       	ldi	r22, 0x0A	; 10
     498:	70 e0       	ldi	r23, 0x00	; 0
     49a:	1f d5       	rcall	.+2622   	; 0xeda <__udivmodhi4>
     49c:	89 2b       	or	r24, r25
     49e:	09 f0       	breq	.+2      	; 0x4a2 <renderPlateTrailEx(PlateTrailProfile const&)+0x3e>
     4a0:	55 c1       	rjmp	.+682    	; 0x74c <renderPlateTrailEx(PlateTrailProfile const&)+0x2e8>
/usr/local/src/slabua/zr7-taillight/firmware/zr7-taillight-attiny85/zr7-taillight-attiny85.ino:290

  if (!profile.bounce)
     4a2:	e9 81       	ldd	r30, Y+1	; 0x01
     4a4:	fa 81       	ldd	r31, Y+2	; 0x02
     4a6:	81 81       	ldd	r24, Z+1	; 0x01
     4a8:	81 11       	cpse	r24, r1
     4aa:	06 c0       	rjmp	.+12     	; 0x4b8 <renderPlateTrailEx(PlateTrailProfile const&)+0x54>
/usr/local/src/slabua/zr7-taillight/firmware/zr7-taillight-attiny85/zr7-taillight-attiny85.ino:291
    plateDir = (profile.dir == 0) ? +1 : profile.dir;
     4ac:	80 81       	ld	r24, Z
     4ae:	81 11       	cpse	r24, r1
     4b0:	01 c0       	rjmp	.+2      	; 0x4b4 <renderPlateTrailEx(PlateTrailProfile const&)+0x50>
     4b2:	81 e0       	ldi	r24, 0x01	; 1
     4b4:	80 93 61 00 	sts	0x0061, r24	; 0x800061 <plateDir>
     4b8:	e9 81       	ldd	r30, Y+1	; 0x01
     4ba:	fa 81       	ldd	r31, Y+2	; 0x02
     4bc:	fe 83       	std	Y+6, r31	; 0x06
     4be:	ed 83       	std	Y+5, r30	; 0x05
_ZN17Adafruit_NeoPixel5ColorEhhh():
/home/slb/Documents/Arduino/libraries/Adafruit_NeoPixel/Adafruit_NeoPixel.h:338
     4c0:	85 81       	ldd	r24, Z+5	; 0x05
     4c2:	c6 80       	ldd	r12, Z+6	; 0x06
     4c4:	d1 2c       	mov	r13, r1
     4c6:	f1 2c       	mov	r15, r1
     4c8:	e1 2c       	mov	r14, r1
     4ca:	fe 2c       	mov	r15, r14
     4cc:	ed 2c       	mov	r14, r13
     4ce:	dc 2c       	mov	r13, r12
     4d0:	cc 24       	eor	r12, r12
     4d2:	e8 2a       	or	r14, r24
     4d4:	87 81       	ldd	r24, Z+7	; 0x07
     4d6:	c8 2a       	or	r12, r24
     4d8:	10 e0       	ldi	r17, 0x00	; 0
     4da:	00 e0       	ldi	r16, 0x00	; 0
fillPlate():
/usr/local/src/slabua/zr7-taillight/firmware/zr7-taillight-attiny85/zr7-taillight-attiny85.ino:234

void fillPlate(uint8_t r, uint8_t g, uint8_t b) {
  uint32_t colour = plate.Color(r, g, b);
  
  for (uint8_t i = 0; i < PLATE_LEDS; i++) {
    plate.setPixelColor(i, colour);
     4dc:	a7 01       	movw	r20, r14
     4de:	96 01       	movw	r18, r12
     4e0:	b8 01       	movw	r22, r16
     4e2:	8f ec       	ldi	r24, 0xCF	; 207
     4e4:	90 e0       	ldi	r25, 0x00	; 0
     4e6:	be de       	rcall	.-644    	; 0x264 <Adafruit_NeoPixel::setPixelColor(unsigned int, unsigned long)>
     4e8:	0f 5f       	subi	r16, 0xFF	; 255
     4ea:	1f 4f       	sbci	r17, 0xFF	; 255
/usr/local/src/slabua/zr7-taillight/firmware/zr7-taillight-attiny85/zr7-taillight-attiny85.ino:233


void fillPlate(uint8_t r, uint8_t g, uint8_t b) {
  uint32_t colour = plate.Color(r, g, b);
  
  for (uint8_t i = 0; i < PLATE_LEDS; i++) {
     4ec:	0a 30       	cpi	r16, 0x0A	; 10
     4ee:	11 05       	cpc	r17, r1
     4f0:	a9 f7       	brne	.-22     	; 0x4dc <renderPlateTrailEx(PlateTrailProfile const&)+0x78>
/usr/local/src/slabua/zr7-taillight/firmware/zr7-taillight-attiny85/zr7-taillight-attiny85.ino:237
    plate.setPixelColor(i, colour);
  }

  plateDirty = true;
     4f2:	91 e0       	ldi	r25, 0x01	; 1
     4f4:	90 93 e4 00 	sts	0x00E4, r25	; 0x8000e4 <plateDirty>
_ZL18renderPlateTrailExRK17PlateTrailProfile():
/usr/local/src/slabua/zr7-taillight/firmware/zr7-taillight-attiny85/zr7-taillight-attiny85.ino:295
  if (!profile.bounce)
    plateDir = (profile.dir == 0) ? +1 : profile.dir;

  fillPlate(profile.fill_r, profile.fill_g, profile.fill_b);

  advancePlatePos(profile.bounce);
     4f8:	ad 81       	ldd	r26, Y+5	; 0x05
     4fa:	be 81       	ldd	r27, Y+6	; 0x06
     4fc:	11 96       	adiw	r26, 0x01	; 1
     4fe:	2c 91       	ld	r18, X
advancePlatePos():
/usr/local/src/slabua/zr7-taillight/firmware/zr7-taillight-attiny85/zr7-taillight-attiny85.ino:269
static inline void fadePlate(uint8_t decay) { // to black
  fadePlateTo(0, 0, 0, decay);
}

static inline void advancePlatePos(bool bounce) {
  platePos += plateDir;
     500:	80 91 01 01 	lds	r24, 0x0101	; 0x800101 <platePos>
     504:	30 91 61 00 	lds	r19, 0x0061	; 0x800061 <plateDir>
     508:	83 0f       	add	r24, r19
     50a:	80 93 01 01 	sts	0x0101, r24	; 0x800101 <platePos>
/usr/local/src/slabua/zr7-taillight/firmware/zr7-taillight-attiny85/zr7-taillight-attiny85.ino:271

  if (bounce) {
     50e:	22 23       	and	r18, r18
     510:	09 f4       	brne	.+2      	; 0x514 <renderPlateTrailEx(PlateTrailProfile const&)+0xb0>
     512:	76 c0       	rjmp	.+236    	; 0x600 <renderPlateTrailEx(PlateTrailProfile const&)+0x19c>
/usr/local/src/slabua/zr7-taillight/firmware/zr7-taillight-attiny85/zr7-taillight-attiny85.ino:272
    if (platePos <= 0) {
     514:	18 16       	cp	r1, r24
     516:	0c f4       	brge	.+2      	; 0x51a <renderPlateTrailEx(PlateTrailProfile const&)+0xb6>
     518:	69 c0       	rjmp	.+210    	; 0x5ec <renderPlateTrailEx(PlateTrailProfile const&)+0x188>
/usr/local/src/slabua/zr7-taillight/firmware/zr7-taillight-attiny85/zr7-taillight-attiny85.ino:273
      platePos = 0;
     51a:	10 92 01 01 	sts	0x0101, r1	; 0x800101 <platePos>
/usr/local/src/slabua/zr7-taillight/firmware/zr7-taillight-attiny85/zr7-taillight-attiny85.ino:274
      plateDir = +1;
     51e:	90 93 61 00 	sts	0x0061, r25	; 0x800061 <plateDir>
     522:	80 91 01 01 	lds	r24, 0x0101	; 0x800101 <platePos>
_ZL18renderPlateTrailExRK17PlateTrailProfile():
/usr/local/src/slabua/zr7-taillight/firmware/zr7-taillight-attiny85/zr7-taillight-attiny85.ino:298
  fillPlate(profile.fill_r, profile.fill_g, profile.fill_b);

  advancePlatePos(profile.bounce);

  // -------- NORMAL SWEEP (dir != 0) --------
  if (profile.dir != 0) {
     526:	ed 81       	ldd	r30, Y+5	; 0x05
     528:	fe 81       	ldd	r31, Y+6	; 0x06
     52a:	90 81       	ld	r25, Z
     52c:	99 23       	and	r25, r25
     52e:	09 f4       	brne	.+2      	; 0x532 <renderPlateTrailEx(PlateTrailProfile const&)+0xce>
     530:	73 c0       	rjmp	.+230    	; 0x618 <renderPlateTrailEx(PlateTrailProfile const&)+0x1b4>
     532:	f1 2c       	mov	r15, r1
     534:	e1 2c       	mov	r14, r1
/usr/local/src/slabua/zr7-taillight/firmware/zr7-taillight-attiny85/zr7-taillight-attiny85.ino:300
    for (uint8_t i = 0; i < PLATE_TRAIL_LEN; i++) {
      int16_t p = platePos - (plateDir * i);
     536:	08 2f       	mov	r16, r24
     538:	88 0f       	add	r24, r24
     53a:	11 0b       	sbc	r17, r17
/usr/local/src/slabua/zr7-taillight/firmware/zr7-taillight-attiny85/zr7-taillight-attiny85.ino:307

      uint8_t v = 255 - (i * (255 / PLATE_TRAIL_LEN));
      plate.setPixelColor(
        p,
        plate.Color(
          (uint16_t)profile.r * v / 255,
     53c:	cc 24       	eor	r12, r12
     53e:	ca 94       	dec	r12
     540:	d1 2c       	mov	r13, r1
/usr/local/src/slabua/zr7-taillight/firmware/zr7-taillight-attiny85/zr7-taillight-attiny85.ino:300
  advancePlatePos(profile.bounce);

  // -------- NORMAL SWEEP (dir != 0) --------
  if (profile.dir != 0) {
    for (uint8_t i = 0; i < PLATE_TRAIL_LEN; i++) {
      int16_t p = platePos - (plateDir * i);
     542:	80 91 61 00 	lds	r24, 0x0061	; 0x800061 <plateDir>
     546:	08 2e       	mov	r0, r24
     548:	00 0c       	add	r0, r0
     54a:	99 0b       	sbc	r25, r25
     54c:	b7 01       	movw	r22, r14
     54e:	82 d4       	rcall	.+2308   	; 0xe54 <__mulhi3>
     550:	58 01       	movw	r10, r16
     552:	a8 1a       	sub	r10, r24
     554:	b9 0a       	sbc	r11, r25
/usr/local/src/slabua/zr7-taillight/firmware/zr7-taillight-attiny85/zr7-taillight-attiny85.ino:301
      if (p < 0 || p >= PLATE_LEDS) break;
     556:	fa e0       	ldi	r31, 0x0A	; 10
     558:	af 16       	cp	r10, r31
     55a:	b1 04       	cpc	r11, r1
     55c:	08 f0       	brcs	.+2      	; 0x560 <renderPlateTrailEx(PlateTrailProfile const&)+0xfc>
     55e:	f3 c0       	rjmp	.+486    	; 0x746 <renderPlateTrailEx(PlateTrailProfile const&)+0x2e2>
     560:	c7 01       	movw	r24, r14
     562:	61 e8       	ldi	r22, 0x81	; 129
     564:	7f ef       	ldi	r23, 0xFF	; 255
     566:	76 d4       	rcall	.+2284   	; 0xe54 <__mulhi3>
     568:	fc 01       	movw	r30, r24
     56a:	e1 50       	subi	r30, 0x01	; 1
     56c:	ff 4f       	sbci	r31, 0xFF	; 255
/usr/local/src/slabua/zr7-taillight/firmware/zr7-taillight-attiny85/zr7-taillight-attiny85.ino:307

      uint8_t v = 255 - (i * (255 / PLATE_TRAIL_LEN));
      plate.setPixelColor(
        p,
        plate.Color(
          (uint16_t)profile.r * v / 255,
     56e:	ad 81       	ldd	r26, Y+5	; 0x05
     570:	be 81       	ldd	r27, Y+6	; 0x06
     572:	12 96       	adiw	r26, 0x02	; 2
     574:	8c 91       	ld	r24, X
     576:	90 e0       	ldi	r25, 0x00	; 0
     578:	bf 01       	movw	r22, r30
     57a:	6c d4       	rcall	.+2264   	; 0xe54 <__mulhi3>
     57c:	b6 01       	movw	r22, r12
     57e:	ad d4       	rcall	.+2394   	; 0xeda <__udivmodhi4>
_ZN17Adafruit_NeoPixel5ColorEhhh():
/home/slb/Documents/Arduino/libraries/Adafruit_NeoPixel/Adafruit_NeoPixel.h:338
     580:	2b 01       	movw	r4, r22
     582:	71 2c       	mov	r7, r1
     584:	61 2c       	mov	r6, r1
     586:	32 01       	movw	r6, r4
     588:	55 24       	eor	r5, r5
     58a:	44 24       	eor	r4, r4
_ZL18renderPlateTrailExRK17PlateTrailProfile():
/usr/local/src/slabua/zr7-taillight/firmware/zr7-taillight-attiny85/zr7-taillight-attiny85.ino:308
          (uint16_t)profile.g * v / 255,
     58c:	ad 81       	ldd	r26, Y+5	; 0x05
     58e:	be 81       	ldd	r27, Y+6	; 0x06
     590:	13 96       	adiw	r26, 0x03	; 3
     592:	8c 91       	ld	r24, X
     594:	90 e0       	ldi	r25, 0x00	; 0
     596:	bf 01       	movw	r22, r30
     598:	5d d4       	rcall	.+2234   	; 0xe54 <__mulhi3>
     59a:	b6 01       	movw	r22, r12
     59c:	9e d4       	rcall	.+2364   	; 0xeda <__udivmodhi4>
_ZN17Adafruit_NeoPixel5ColorEhhh():
/home/slb/Documents/Arduino/libraries/Adafruit_NeoPixel/Adafruit_NeoPixel.h:338
     59e:	9b 01       	movw	r18, r22
     5a0:	50 e0       	ldi	r21, 0x00	; 0
     5a2:	40 e0       	ldi	r20, 0x00	; 0
     5a4:	54 2f       	mov	r21, r20
     5a6:	43 2f       	mov	r20, r19
     5a8:	32 2f       	mov	r19, r18
     5aa:	22 27       	eor	r18, r18
     5ac:	42 2a       	or	r4, r18
     5ae:	53 2a       	or	r5, r19
     5b0:	64 2a       	or	r6, r20
     5b2:	75 2a       	or	r7, r21
_ZL18renderPlateTrailExRK17PlateTrailProfile():
/usr/local/src/slabua/zr7-taillight/firmware/zr7-taillight-attiny85/zr7-taillight-attiny85.ino:309
          (uint16_t)profile.b * v / 255
     5b4:	ad 81       	ldd	r26, Y+5	; 0x05
     5b6:	be 81       	ldd	r27, Y+6	; 0x06
     5b8:	14 96       	adiw	r26, 0x04	; 4
     5ba:	8c 91       	ld	r24, X
     5bc:	90 e0       	ldi	r25, 0x00	; 0
     5be:	bf 01       	movw	r22, r30
     5c0:	49 d4       	rcall	.+2194   	; 0xe54 <__mulhi3>
     5c2:	b6 01       	movw	r22, r12
     5c4:	8a d4       	rcall	.+2324   	; 0xeda <__udivmodhi4>
_ZN17Adafruit_NeoPixel5ColorEhhh():
/home/slb/Documents/Arduino/libraries/Adafruit_NeoPixel/Adafruit_NeoPixel.h:338
     5c6:	9b 01       	movw	r18, r22
     5c8:	50 e0       	ldi	r21, 0x00	; 0
     5ca:	40 e0       	ldi	r20, 0x00	; 0
     5cc:	24 29       	or	r18, r4
     5ce:	35 29       	or	r19, r5
     5d0:	46 29       	or	r20, r6
     5d2:	57 29       	or	r21, r7
_ZL18renderPlateTrailExRK17PlateTrailProfile():
/usr/local/src/slabua/zr7-taillight/firmware/zr7-taillight-attiny85/zr7-taillight-attiny85.ino:304
    for (uint8_t i = 0; i < PLATE_TRAIL_LEN; i++) {
      int16_t p = platePos - (plateDir * i);
      if (p < 0 || p >= PLATE_LEDS) break;

      uint8_t v = 255 - (i * (255 / PLATE_TRAIL_LEN));
      plate.setPixelColor(
     5d4:	b5 01       	movw	r22, r10
     5d6:	8f ec       	ldi	r24, 0xCF	; 207
     5d8:	90 e0       	ldi	r25, 0x00	; 0
     5da:	44 de       	rcall	.-888    	; 0x264 <Adafruit_NeoPixel::setPixelColor(unsigned int, unsigned long)>
/usr/local/src/slabua/zr7-taillight/firmware/zr7-taillight-attiny85/zr7-taillight-attiny85.ino:299

  advancePlatePos(profile.bounce);

  // -------- NORMAL SWEEP (dir != 0) --------
  if (profile.dir != 0) {
    for (uint8_t i = 0; i < PLATE_TRAIL_LEN; i++) {
     5dc:	ea 94       	dec	r14
     5de:	ef 28       	or	r14, r15
     5e0:	09 f4       	brne	.+2      	; 0x5e4 <renderPlateTrailEx(PlateTrailProfile const&)+0x180>
     5e2:	b1 c0       	rjmp	.+354    	; 0x746 <renderPlateTrailEx(PlateTrailProfile const&)+0x2e2>
     5e4:	ee 24       	eor	r14, r14
     5e6:	e3 94       	inc	r14
     5e8:	f1 2c       	mov	r15, r1
     5ea:	ab cf       	rjmp	.-170    	; 0x542 <renderPlateTrailEx(PlateTrailProfile const&)+0xde>
advancePlatePos():
/usr/local/src/slabua/zr7-taillight/firmware/zr7-taillight-attiny85/zr7-taillight-attiny85.ino:275

  if (bounce) {
    if (platePos <= 0) {
      platePos = 0;
      plateDir = +1;
    } else if (platePos >= PLATE_LEDS - 1) {
     5ec:	89 30       	cpi	r24, 0x09	; 9
     5ee:	0c f4       	brge	.+2      	; 0x5f2 <renderPlateTrailEx(PlateTrailProfile const&)+0x18e>
     5f0:	98 cf       	rjmp	.-208    	; 0x522 <renderPlateTrailEx(PlateTrailProfile const&)+0xbe>
/usr/local/src/slabua/zr7-taillight/firmware/zr7-taillight-attiny85/zr7-taillight-attiny85.ino:276
      platePos = PLATE_LEDS - 1;
     5f2:	89 e0       	ldi	r24, 0x09	; 9
     5f4:	80 93 01 01 	sts	0x0101, r24	; 0x800101 <platePos>
/usr/local/src/slabua/zr7-taillight/firmware/zr7-taillight-attiny85/zr7-taillight-attiny85.ino:277
      plateDir = -1;
     5f8:	8f ef       	ldi	r24, 0xFF	; 255
     5fa:	80 93 61 00 	sts	0x0061, r24	; 0x800061 <plateDir>
     5fe:	91 cf       	rjmp	.-222    	; 0x522 <renderPlateTrailEx(PlateTrailProfile const&)+0xbe>
/usr/local/src/slabua/zr7-taillight/firmware/zr7-taillight-attiny85/zr7-taillight-attiny85.ino:280
    }
  } else {
    if (platePos < 0)
     600:	87 ff       	sbrs	r24, 7
     602:	04 c0       	rjmp	.+8      	; 0x60c <renderPlateTrailEx(PlateTrailProfile const&)+0x1a8>
/usr/local/src/slabua/zr7-taillight/firmware/zr7-taillight-attiny85/zr7-taillight-attiny85.ino:281
      platePos = PLATE_LEDS - 1;
     604:	89 e0       	ldi	r24, 0x09	; 9
     606:	80 93 01 01 	sts	0x0101, r24	; 0x800101 <platePos>
     60a:	8b cf       	rjmp	.-234    	; 0x522 <renderPlateTrailEx(PlateTrailProfile const&)+0xbe>
/usr/local/src/slabua/zr7-taillight/firmware/zr7-taillight-attiny85/zr7-taillight-attiny85.ino:282
    else if (platePos >= PLATE_LEDS)
     60c:	8a 30       	cpi	r24, 0x0A	; 10
     60e:	0c f4       	brge	.+2      	; 0x612 <renderPlateTrailEx(PlateTrailProfile const&)+0x1ae>
     610:	88 cf       	rjmp	.-240    	; 0x522 <renderPlateTrailEx(PlateTrailProfile const&)+0xbe>
/usr/local/src/slabua/zr7-taillight/firmware/zr7-taillight-attiny85/zr7-taillight-attiny85.ino:283
      platePos = 0;
     612:	10 92 01 01 	sts	0x0101, r1	; 0x800101 <platePos>
     616:	85 cf       	rjmp	.-246    	; 0x522 <renderPlateTrailEx(PlateTrailProfile const&)+0xbe>
_ZL18renderPlateTrailExRK17PlateTrailProfile():
/usr/local/src/slabua/zr7-taillight/firmware/zr7-taillight-attiny85/zr7-taillight-attiny85.ino:320
  // -------- DOUBLE SWEEP (dir == 0) --------
  else {
    const uint8_t half = PLATE_LEDS / 2;

    // abstract position inside half-domain
    uint8_t pos = platePos % half;
     618:	65 e0       	ldi	r22, 0x05	; 5
     61a:	52 d4       	rcall	.+2212   	; 0xec0 <__divmodqi4>
     61c:	a9 2e       	mov	r10, r25
     61e:	b1 2c       	mov	r11, r1
     620:	44 e0       	ldi	r20, 0x04	; 4
     622:	e4 2e       	mov	r14, r20
     624:	e9 1a       	sub	r14, r25
     626:	f1 2c       	mov	r15, r1
     628:	0f ef       	ldi	r16, 0xFF	; 255
     62a:	10 e0       	ldi	r17, 0x00	; 0
/usr/local/src/slabua/zr7-taillight/firmware/zr7-taillight-attiny85/zr7-taillight-attiny85.ino:335

      if (left < PLATE_LEDS)
        plate.setPixelColor(
          left,
          plate.Color(
            (uint16_t)profile.r * v / 255,
     62c:	cc 24       	eor	r12, r12
     62e:	ca 94       	dec	r12
     630:	d1 2c       	mov	r13, r1
/usr/local/src/slabua/zr7-taillight/firmware/zr7-taillight-attiny85/zr7-taillight-attiny85.ino:324
    // abstract position inside half-domain
    uint8_t pos = platePos % half;

    for (uint8_t i = 0; i < PLATE_TRAIL_LEN; i++) {
      int16_t p = pos - i;
      if (p < 0) break;
     632:	ef ef       	ldi	r30, 0xFF	; 255
     634:	ae 16       	cp	r10, r30
     636:	be 06       	cpc	r11, r30
     638:	09 f4       	brne	.+2      	; 0x63c <renderPlateTrailEx(PlateTrailProfile const&)+0x1d8>
     63a:	85 c0       	rjmp	.+266    	; 0x746 <renderPlateTrailEx(PlateTrailProfile const&)+0x2e2>
/usr/local/src/slabua/zr7-taillight/firmware/zr7-taillight-attiny85/zr7-taillight-attiny85.ino:335

      if (left < PLATE_LEDS)
        plate.setPixelColor(
          left,
          plate.Color(
            (uint16_t)profile.r * v / 255,
     63c:	ad 81       	ldd	r26, Y+5	; 0x05
     63e:	be 81       	ldd	r27, Y+6	; 0x06
     640:	12 96       	adiw	r26, 0x02	; 2
     642:	8c 91       	ld	r24, X
     644:	90 e0       	ldi	r25, 0x00	; 0
     646:	b8 01       	movw	r22, r16
     648:	05 d4       	rcall	.+2058   	; 0xe54 <__mulhi3>
     64a:	b6 01       	movw	r22, r12
     64c:	46 d4       	rcall	.+2188   	; 0xeda <__udivmodhi4>
_ZN17Adafruit_NeoPixel5ColorEhhh():
/home/slb/Documents/Arduino/libraries/Adafruit_NeoPixel/Adafruit_NeoPixel.h:338
     64e:	2b 01       	movw	r4, r22
     650:	71 2c       	mov	r7, r1
     652:	61 2c       	mov	r6, r1
     654:	d2 01       	movw	r26, r4
     656:	99 27       	eor	r25, r25
     658:	88 27       	eor	r24, r24
     65a:	89 83       	std	Y+1, r24	; 0x01
     65c:	9a 83       	std	Y+2, r25	; 0x02
     65e:	ab 83       	std	Y+3, r26	; 0x03
     660:	bc 83       	std	Y+4, r27	; 0x04
_ZL18renderPlateTrailExRK17PlateTrailProfile():
/usr/local/src/slabua/zr7-taillight/firmware/zr7-taillight-attiny85/zr7-taillight-attiny85.ino:336
            (uint16_t)profile.g * v / 255,
     662:	ad 81       	ldd	r26, Y+5	; 0x05
     664:	be 81       	ldd	r27, Y+6	; 0x06
     666:	13 96       	adiw	r26, 0x03	; 3
     668:	8c 91       	ld	r24, X
     66a:	90 e0       	ldi	r25, 0x00	; 0
     66c:	b8 01       	movw	r22, r16
     66e:	f2 d3       	rcall	.+2020   	; 0xe54 <__mulhi3>
     670:	b6 01       	movw	r22, r12
     672:	33 d4       	rcall	.+2150   	; 0xeda <__udivmodhi4>
_ZN17Adafruit_NeoPixel5ColorEhhh():
/home/slb/Documents/Arduino/libraries/Adafruit_NeoPixel/Adafruit_NeoPixel.h:338
     674:	2b 01       	movw	r4, r22
     676:	71 2c       	mov	r7, r1
     678:	61 2c       	mov	r6, r1
     67a:	76 2c       	mov	r7, r6
     67c:	65 2c       	mov	r6, r5
     67e:	54 2c       	mov	r5, r4
     680:	44 24       	eor	r4, r4
     682:	89 81       	ldd	r24, Y+1	; 0x01
     684:	9a 81       	ldd	r25, Y+2	; 0x02
     686:	ab 81       	ldd	r26, Y+3	; 0x03
     688:	bc 81       	ldd	r27, Y+4	; 0x04
     68a:	48 2a       	or	r4, r24
     68c:	59 2a       	or	r5, r25
     68e:	6a 2a       	or	r6, r26
     690:	7b 2a       	or	r7, r27
_ZL18renderPlateTrailExRK17PlateTrailProfile():
/usr/local/src/slabua/zr7-taillight/firmware/zr7-taillight-attiny85/zr7-taillight-attiny85.ino:337
            (uint16_t)profile.b * v / 255
     692:	ad 81       	ldd	r26, Y+5	; 0x05
     694:	be 81       	ldd	r27, Y+6	; 0x06
     696:	14 96       	adiw	r26, 0x04	; 4
     698:	8c 91       	ld	r24, X
     69a:	90 e0       	ldi	r25, 0x00	; 0
     69c:	b8 01       	movw	r22, r16
     69e:	da d3       	rcall	.+1972   	; 0xe54 <__mulhi3>
     6a0:	b6 01       	movw	r22, r12
     6a2:	1b d4       	rcall	.+2102   	; 0xeda <__udivmodhi4>
_ZN17Adafruit_NeoPixel5ColorEhhh():
/home/slb/Documents/Arduino/libraries/Adafruit_NeoPixel/Adafruit_NeoPixel.h:338
     6a4:	9b 01       	movw	r18, r22
     6a6:	50 e0       	ldi	r21, 0x00	; 0
     6a8:	40 e0       	ldi	r20, 0x00	; 0
     6aa:	24 29       	or	r18, r4
     6ac:	35 29       	or	r19, r5
     6ae:	46 29       	or	r20, r6
     6b0:	57 29       	or	r21, r7
_ZL18renderPlateTrailExRK17PlateTrailProfile():
/usr/local/src/slabua/zr7-taillight/firmware/zr7-taillight-attiny85/zr7-taillight-attiny85.ino:332

      uint8_t left  = (half - 1) - p;
      uint8_t right = half + p;

      if (left < PLATE_LEDS)
        plate.setPixelColor(
     6b2:	b7 01       	movw	r22, r14
     6b4:	8f ec       	ldi	r24, 0xCF	; 207
     6b6:	90 e0       	ldi	r25, 0x00	; 0
     6b8:	d5 dd       	rcall	.-1110   	; 0x264 <Adafruit_NeoPixel::setPixelColor(unsigned int, unsigned long)>
/usr/local/src/slabua/zr7-taillight/firmware/zr7-taillight-attiny85/zr7-taillight-attiny85.ino:345

      if (right < PLATE_LEDS)
        plate.setPixelColor(
          right,
          plate.Color(
            (uint16_t)profile.r * v / 255,
     6ba:	ed 81       	ldd	r30, Y+5	; 0x05
     6bc:	fe 81       	ldd	r31, Y+6	; 0x06
     6be:	82 81       	ldd	r24, Z+2	; 0x02
     6c0:	90 e0       	ldi	r25, 0x00	; 0
     6c2:	b8 01       	movw	r22, r16
     6c4:	c7 d3       	rcall	.+1934   	; 0xe54 <__mulhi3>
     6c6:	b6 01       	movw	r22, r12
     6c8:	08 d4       	rcall	.+2064   	; 0xeda <__udivmodhi4>
_ZN17Adafruit_NeoPixel5ColorEhhh():
/home/slb/Documents/Arduino/libraries/Adafruit_NeoPixel/Adafruit_NeoPixel.h:338
     6ca:	2b 01       	movw	r4, r22
     6cc:	71 2c       	mov	r7, r1
     6ce:	61 2c       	mov	r6, r1
     6d0:	d2 01       	movw	r26, r4
     6d2:	99 27       	eor	r25, r25
     6d4:	88 27       	eor	r24, r24
     6d6:	89 83       	std	Y+1, r24	; 0x01
     6d8:	9a 83       	std	Y+2, r25	; 0x02
     6da:	ab 83       	std	Y+3, r26	; 0x03
     6dc:	bc 83       	std	Y+4, r27	; 0x04
_ZL18renderPlateTrailExRK17PlateTrailProfile():
/usr/local/src/slabua/zr7-taillight/firmware/zr7-taillight-attiny85/zr7-taillight-attiny85.ino:346
            (uint16_t)profile.g * v / 255,
     6de:	83 81       	ldd	r24, Z+3	; 0x03
     6e0:	90 e0       	ldi	r25, 0x00	; 0
     6e2:	b8 01       	movw	r22, r16
     6e4:	b7 d3       	rcall	.+1902   	; 0xe54 <__mulhi3>
     6e6:	b6 01       	movw	r22, r12
     6e8:	f8 d3       	rcall	.+2032   	; 0xeda <__udivmodhi4>
_ZN17Adafruit_NeoPixel5ColorEhhh():
/home/slb/Documents/Arduino/libraries/Adafruit_NeoPixel/Adafruit_NeoPixel.h:338
     6ea:	2b 01       	movw	r4, r22
     6ec:	71 2c       	mov	r7, r1
     6ee:	61 2c       	mov	r6, r1
     6f0:	76 2c       	mov	r7, r6
     6f2:	65 2c       	mov	r6, r5
     6f4:	54 2c       	mov	r5, r4
     6f6:	44 24       	eor	r4, r4
     6f8:	89 81       	ldd	r24, Y+1	; 0x01
     6fa:	9a 81       	ldd	r25, Y+2	; 0x02
     6fc:	ab 81       	ldd	r26, Y+3	; 0x03
     6fe:	bc 81       	ldd	r27, Y+4	; 0x04
     700:	48 2a       	or	r4, r24
     702:	59 2a       	or	r5, r25
     704:	6a 2a       	or	r6, r26
     706:	7b 2a       	or	r7, r27
_ZL18renderPlateTrailExRK17PlateTrailProfile():
/usr/local/src/slabua/zr7-taillight/firmware/zr7-taillight-attiny85/zr7-taillight-attiny85.ino:347
            (uint16_t)profile.b * v / 255
     708:	84 81       	ldd	r24, Z+4	; 0x04
     70a:	90 e0       	ldi	r25, 0x00	; 0
     70c:	b8 01       	movw	r22, r16
     70e:	a2 d3       	rcall	.+1860   	; 0xe54 <__mulhi3>
     710:	b6 01       	movw	r22, r12
     712:	e3 d3       	rcall	.+1990   	; 0xeda <__udivmodhi4>
_ZN17Adafruit_NeoPixel5ColorEhhh():
/home/slb/Documents/Arduino/libraries/Adafruit_NeoPixel/Adafruit_NeoPixel.h:338
     714:	9b 01       	movw	r18, r22
     716:	50 e0       	ldi	r21, 0x00	; 0
     718:	40 e0       	ldi	r20, 0x00	; 0
     71a:	24 29       	or	r18, r4
     71c:	35 29       	or	r19, r5
     71e:	46 29       	or	r20, r6
     720:	57 29       	or	r21, r7
_ZL18renderPlateTrailExRK17PlateTrailProfile():
/usr/local/src/slabua/zr7-taillight/firmware/zr7-taillight-attiny85/zr7-taillight-attiny85.ino:342
            (uint16_t)profile.b * v / 255
          )
        );

      if (right < PLATE_LEDS)
        plate.setPixelColor(
     722:	65 e0       	ldi	r22, 0x05	; 5
     724:	6a 0d       	add	r22, r10
     726:	70 e0       	ldi	r23, 0x00	; 0
     728:	8f ec       	ldi	r24, 0xCF	; 207
     72a:	90 e0       	ldi	r25, 0x00	; 0
     72c:	9b dd       	rcall	.-1226   	; 0x264 <Adafruit_NeoPixel::setPixelColor(unsigned int, unsigned long)>
     72e:	91 e0       	ldi	r25, 0x01	; 1
     730:	a9 1a       	sub	r10, r25
     732:	b1 08       	sbc	r11, r1
     734:	0f 57       	subi	r16, 0x7F	; 127
     736:	11 09       	sbc	r17, r1
     738:	af ef       	ldi	r26, 0xFF	; 255
     73a:	ea 1a       	sub	r14, r26
     73c:	fa 0a       	sbc	r15, r26
/usr/local/src/slabua/zr7-taillight/firmware/zr7-taillight-attiny85/zr7-taillight-attiny85.ino:322
    const uint8_t half = PLATE_LEDS / 2;

    // abstract position inside half-domain
    uint8_t pos = platePos % half;

    for (uint8_t i = 0; i < PLATE_TRAIL_LEN; i++) {
     73e:	01 30       	cpi	r16, 0x01	; 1
     740:	11 05       	cpc	r17, r1
     742:	09 f0       	breq	.+2      	; 0x746 <renderPlateTrailEx(PlateTrailProfile const&)+0x2e2>
     744:	76 cf       	rjmp	.-276    	; 0x632 <renderPlateTrailEx(PlateTrailProfile const&)+0x1ce>
/usr/local/src/slabua/zr7-taillight/firmware/zr7-taillight-attiny85/zr7-taillight-attiny85.ino:353
          )
        );
    }
  }

  plateDirty = true;
     746:	81 e0       	ldi	r24, 0x01	; 1
     748:	80 93 e4 00 	sts	0x00E4, r24	; 0x8000e4 <plateDirty>
/usr/local/src/slabua/zr7-taillight/firmware/zr7-taillight-attiny85/zr7-taillight-attiny85.ino:354
}
     74c:	26 96       	adiw	r28, 0x06	; 6
     74e:	0f b6       	in	r0, 0x3f	; 63
     750:	f8 94       	cli
     752:	de bf       	out	0x3e, r29	; 62
     754:	0f be       	out	0x3f, r0	; 63
     756:	cd bf       	out	0x3d, r28	; 61
     758:	df 91       	pop	r29
     75a:	cf 91       	pop	r28
     75c:	1f 91       	pop	r17
     75e:	0f 91       	pop	r16
     760:	ff 90       	pop	r15
     762:	ef 90       	pop	r14
     764:	df 90       	pop	r13
     766:	cf 90       	pop	r12
     768:	bf 90       	pop	r11
     76a:	af 90       	pop	r10
     76c:	7f 90       	pop	r7
     76e:	6f 90       	pop	r6
     770:	5f 90       	pop	r5
     772:	4f 90       	pop	r4
     774:	08 95       	ret

00000776 <digitalWrite.constprop.4>:
digitalWrite.constprop.4():
/home/slb/.arduino15/packages/ATTinyCore/hardware/avr/1.5.2/cores/tiny/wiring_digital.c:138
  }
}

void digitalWrite(uint8_t pin, uint8_t val)
{
  if (pin&128) {pin=analogInputToDigitalPin((pin&127));}
     776:	87 ff       	sbrs	r24, 7
     778:	09 c0       	rjmp	.+18     	; 0x78c <digitalWrite.constprop.4+0x16>
     77a:	8f 77       	andi	r24, 0x7F	; 127
     77c:	69 f1       	breq	.+90     	; 0x7d8 <digitalWrite.constprop.4+0x62>
     77e:	81 30       	cpi	r24, 0x01	; 1
     780:	69 f1       	breq	.+90     	; 0x7dc <digitalWrite.constprop.4+0x66>
     782:	82 30       	cpi	r24, 0x02	; 2
     784:	69 f1       	breq	.+90     	; 0x7e0 <digitalWrite.constprop.4+0x6a>
     786:	83 30       	cpi	r24, 0x03	; 3
     788:	69 f1       	breq	.+90     	; 0x7e4 <digitalWrite.constprop.4+0x6e>
     78a:	8f ef       	ldi	r24, 0xFF	; 255
/home/slb/.arduino15/packages/ATTinyCore/hardware/avr/1.5.2/cores/tiny/wiring_digital.c:139
  uint8_t timer = digitalPinToTimer(pin);
     78c:	90 e0       	ldi	r25, 0x00	; 0
     78e:	fc 01       	movw	r30, r24
     790:	e4 5c       	subi	r30, 0xC4	; 196
     792:	ff 4f       	sbci	r31, 0xFF	; 255
     794:	34 91       	lpm	r19, Z
/home/slb/.arduino15/packages/ATTinyCore/hardware/avr/1.5.2/cores/tiny/wiring_digital.c:140
  uint8_t bit = digitalPinToBitMask(pin);
     796:	fc 01       	movw	r30, r24
     798:	ea 5c       	subi	r30, 0xCA	; 202
     79a:	ff 4f       	sbci	r31, 0xFF	; 255
     79c:	24 91       	lpm	r18, Z
/home/slb/.arduino15/packages/ATTinyCore/hardware/avr/1.5.2/cores/tiny/wiring_digital.c:141
  uint8_t port = digitalPinToPort(pin);
     79e:	fc 01       	movw	r30, r24
     7a0:	e0 5d       	subi	r30, 0xD0	; 208
     7a2:	ff 4f       	sbci	r31, 0xFF	; 255
     7a4:	e4 91       	lpm	r30, Z
/home/slb/.arduino15/packages/ATTinyCore/hardware/avr/1.5.2/cores/tiny/wiring_digital.c:144
  volatile uint8_t *out;

  if (port == NOT_A_PIN) return;
     7a6:	ee 23       	and	r30, r30
     7a8:	b1 f0       	breq	.+44     	; 0x7d6 <digitalWrite.constprop.4+0x60>
/home/slb/.arduino15/packages/ATTinyCore/hardware/avr/1.5.2/cores/tiny/wiring_digital.c:148

  // If the pin that support PWM output, we need to turn it off
  // before doing a digital write.
  if (timer != NOT_ON_TIMER) turnOffPWM(timer);
     7aa:	33 23       	and	r19, r19
     7ac:	29 f0       	breq	.+10     	; 0x7b8 <digitalWrite.constprop.4+0x42>
turnOffPWM():
/home/slb/.arduino15/packages/ATTinyCore/hardware/avr/1.5.2/cores/tiny/wiring_digital.c:67
}

static void turnOffPWM(uint8_t timer)
{
  #if defined(TCCR0A) && defined(COM0A1)
    if( timer == TIMER0A){
     7ae:	31 30       	cpi	r19, 0x01	; 1
     7b0:	d9 f4       	brne	.+54     	; 0x7e8 <digitalWrite.constprop.4+0x72>
/home/slb/.arduino15/packages/ATTinyCore/hardware/avr/1.5.2/cores/tiny/wiring_digital.c:68
      cbi(TCCR0A, COM0A1);
     7b2:	8a b5       	in	r24, 0x2a	; 42
     7b4:	8f 77       	andi	r24, 0x7F	; 127
/home/slb/.arduino15/packages/ATTinyCore/hardware/avr/1.5.2/cores/tiny/wiring_digital.c:74
      //cbi(TCCR0A, COM0A0);
    } else
  #endif
  #if defined(TCCR0A) && defined(COM0B1)
    if( timer == TIMER0B){
      cbi(TCCR0A, COM0B1);
     7b6:	8a bd       	out	0x2a, r24	; 42
digitalWrite.constprop.4():
/home/slb/.arduino15/packages/ATTinyCore/hardware/avr/1.5.2/cores/tiny/wiring_digital.c:150

  // If the pin that support PWM output, we need to turn it off
  // before doing a digital write.
  if (timer != NOT_ON_TIMER) turnOffPWM(timer);

  out = portOutputRegister(port);
     7b8:	f0 e0       	ldi	r31, 0x00	; 0
     7ba:	ee 0f       	add	r30, r30
     7bc:	ff 1f       	adc	r31, r31
     7be:	e6 5d       	subi	r30, 0xD6	; 214
     7c0:	ff 4f       	sbci	r31, 0xFF	; 255
     7c2:	a5 91       	lpm	r26, Z+
     7c4:	b4 91       	lpm	r27, Z
/home/slb/.arduino15/packages/ATTinyCore/hardware/avr/1.5.2/cores/tiny/wiring_digital.c:153

  if (val == LOW) {
    uint8_t oldSREG = SREG;
     7c6:	8f b7       	in	r24, 0x3f	; 63
/home/slb/.arduino15/packages/ATTinyCore/hardware/avr/1.5.2/cores/tiny/wiring_digital.c:154
    cli();
     7c8:	f8 94       	cli
/home/slb/.arduino15/packages/ATTinyCore/hardware/avr/1.5.2/cores/tiny/wiring_digital.c:155
    *out &= ~bit;
     7ca:	9c 91       	ld	r25, X
     7cc:	e2 2f       	mov	r30, r18
     7ce:	e0 95       	com	r30
     7d0:	e9 23       	and	r30, r25
     7d2:	ec 93       	st	X, r30
/home/slb/.arduino15/packages/ATTinyCore/hardware/avr/1.5.2/cores/tiny/wiring_digital.c:156
    SREG = oldSREG;
     7d4:	8f bf       	out	0x3f, r24	; 63
/home/slb/.arduino15/packages/ATTinyCore/hardware/avr/1.5.2/cores/tiny/wiring_digital.c:163
    uint8_t oldSREG = SREG;
    cli();
    *out |= bit;
    SREG = oldSREG;
  }
}
     7d6:	08 95       	ret
/home/slb/.arduino15/packages/ATTinyCore/hardware/avr/1.5.2/cores/tiny/wiring_digital.c:138
  }
}

void digitalWrite(uint8_t pin, uint8_t val)
{
  if (pin&128) {pin=analogInputToDigitalPin((pin&127));}
     7d8:	85 e0       	ldi	r24, 0x05	; 5
     7da:	d8 cf       	rjmp	.-80     	; 0x78c <digitalWrite.constprop.4+0x16>
     7dc:	82 e0       	ldi	r24, 0x02	; 2
     7de:	d6 cf       	rjmp	.-84     	; 0x78c <digitalWrite.constprop.4+0x16>
     7e0:	84 e0       	ldi	r24, 0x04	; 4
     7e2:	d4 cf       	rjmp	.-88     	; 0x78c <digitalWrite.constprop.4+0x16>
     7e4:	83 e0       	ldi	r24, 0x03	; 3
     7e6:	d2 cf       	rjmp	.-92     	; 0x78c <digitalWrite.constprop.4+0x16>
turnOffPWM():
/home/slb/.arduino15/packages/ATTinyCore/hardware/avr/1.5.2/cores/tiny/wiring_digital.c:73
      cbi(TCCR0A, COM0A1);
      //cbi(TCCR0A, COM0A0);
    } else
  #endif
  #if defined(TCCR0A) && defined(COM0B1)
    if( timer == TIMER0B){
     7e8:	32 30       	cpi	r19, 0x02	; 2
     7ea:	19 f4       	brne	.+6      	; 0x7f2 <digitalWrite.constprop.4+0x7c>
/home/slb/.arduino15/packages/ATTinyCore/hardware/avr/1.5.2/cores/tiny/wiring_digital.c:74
      cbi(TCCR0A, COM0B1);
     7ec:	8a b5       	in	r24, 0x2a	; 42
     7ee:	8f 7d       	andi	r24, 0xDF	; 223
     7f0:	e2 cf       	rjmp	.-60     	; 0x7b6 <digitalWrite.constprop.4+0x40>
/home/slb/.arduino15/packages/ATTinyCore/hardware/avr/1.5.2/cores/tiny/wiring_digital.c:106
      //cbi(TCCR1C,COM1D0);
    } else
  #else
    // Timer1 for non-x61/x7
    #if defined(TCCR1) && defined(COM1A1) // x5
      if(timer == TIMER1A){
     7f2:	33 30       	cpi	r19, 0x03	; 3
     7f4:	21 f4       	brne	.+8      	; 0x7fe <digitalWrite.constprop.4+0x88>
/home/slb/.arduino15/packages/ATTinyCore/hardware/avr/1.5.2/cores/tiny/wiring_digital.c:107
        TCCR1 &= ~(1<<COM1A1);
     7f6:	80 b7       	in	r24, 0x30	; 48
     7f8:	8f 7d       	andi	r24, 0xDF	; 223
     7fa:	80 bf       	out	0x30, r24	; 48
     7fc:	dd cf       	rjmp	.-70     	; 0x7b8 <digitalWrite.constprop.4+0x42>
/home/slb/.arduino15/packages/ATTinyCore/hardware/avr/1.5.2/cores/tiny/wiring_digital.c:112
        //cbi(TCCR1, COM1A0);
      } else
    #endif
    #if defined(TCCR1) && defined(COM1B1) // x5
      if( timer == TIMER1B){
     7fe:	34 30       	cpi	r19, 0x04	; 4
     800:	d9 f6       	brne	.-74     	; 0x7b8 <digitalWrite.constprop.4+0x42>
/home/slb/.arduino15/packages/ATTinyCore/hardware/avr/1.5.2/cores/tiny/wiring_digital.c:113
        GTCCR &= ~(1<<COM1B1);
     802:	8c b5       	in	r24, 0x2c	; 44
     804:	8f 7d       	andi	r24, 0xDF	; 223
     806:	8c bd       	out	0x2c, r24	; 44
     808:	d7 cf       	rjmp	.-82     	; 0x7b8 <digitalWrite.constprop.4+0x42>

0000080a <digitalRead>:
digitalRead():
/home/slb/.arduino15/packages/ATTinyCore/hardware/avr/1.5.2/cores/tiny/wiring_digital.c:169

int digitalRead(uint8_t pin)
{
  if (pin&128) {pin=analogInputToDigitalPin((pin&127));}
  //uint8_t timer = digitalPinToTimer(pin);
  uint8_t bit = digitalPinToBitMask(pin);
     80a:	90 e0       	ldi	r25, 0x00	; 0
     80c:	fc 01       	movw	r30, r24
     80e:	ea 5c       	subi	r30, 0xCA	; 202
     810:	ff 4f       	sbci	r31, 0xFF	; 255
     812:	24 91       	lpm	r18, Z
/home/slb/.arduino15/packages/ATTinyCore/hardware/avr/1.5.2/cores/tiny/wiring_digital.c:170
  uint8_t port = digitalPinToPort(pin);
     814:	fc 01       	movw	r30, r24
     816:	e0 5d       	subi	r30, 0xD0	; 208
     818:	ff 4f       	sbci	r31, 0xFF	; 255
     81a:	e4 91       	lpm	r30, Z
/home/slb/.arduino15/packages/ATTinyCore/hardware/avr/1.5.2/cores/tiny/wiring_digital.c:172

  if (port == NOT_A_PIN) return LOW;
     81c:	ee 23       	and	r30, r30
     81e:	71 f0       	breq	.+28     	; 0x83c <digitalRead+0x32>
/home/slb/.arduino15/packages/ATTinyCore/hardware/avr/1.5.2/cores/tiny/wiring_digital.c:180
  // "read" should *NEVER* change the behavior of the thing you're using it on.
  // That's why it's called "read" not "write". As an added bonus, sets the
  // stage for auto-fast-digitalRead() for compile time known pins.
  // if (timer != NOT_ON_TIMER) turnOffPWM(timer);

  if (*portInputRegister(port) & bit) return HIGH;
     820:	f0 e0       	ldi	r31, 0x00	; 0
     822:	ee 0f       	add	r30, r30
     824:	ff 1f       	adc	r31, r31
     826:	ec 5d       	subi	r30, 0xDC	; 220
     828:	ff 4f       	sbci	r31, 0xFF	; 255
     82a:	a5 91       	lpm	r26, Z+
     82c:	b4 91       	lpm	r27, Z
     82e:	ec 91       	ld	r30, X
     830:	e2 23       	and	r30, r18
     832:	81 e0       	ldi	r24, 0x01	; 1
     834:	90 e0       	ldi	r25, 0x00	; 0
     836:	21 f4       	brne	.+8      	; 0x840 <digitalRead+0x36>
     838:	80 e0       	ldi	r24, 0x00	; 0
     83a:	08 95       	ret
/home/slb/.arduino15/packages/ATTinyCore/hardware/avr/1.5.2/cores/tiny/wiring_digital.c:172
  if (pin&128) {pin=analogInputToDigitalPin((pin&127));}
  //uint8_t timer = digitalPinToTimer(pin);
  uint8_t bit = digitalPinToBitMask(pin);
  uint8_t port = digitalPinToPort(pin);

  if (port == NOT_A_PIN) return LOW;
     83c:	80 e0       	ldi	r24, 0x00	; 0
     83e:	90 e0       	ldi	r25, 0x00	; 0
/home/slb/.arduino15/packages/ATTinyCore/hardware/avr/1.5.2/cores/tiny/wiring_digital.c:182
  // stage for auto-fast-digitalRead() for compile time known pins.
  // if (timer != NOT_ON_TIMER) turnOffPWM(timer);

  if (*portInputRegister(port) & bit) return HIGH;
  return LOW;
}
     840:	08 95       	ret

00000842 <pinMode>:
pinMode():
/home/slb/.arduino15/packages/ATTinyCore/hardware/avr/1.5.2/cores/tiny/wiring_digital.c:33
#define ARDUINO_MAIN
#include "wiring_private.h"
#include "pins_arduino.h"

void pinMode(uint8_t pin, uint8_t mode)
{
     842:	cf 93       	push	r28
     844:	df 93       	push	r29
/home/slb/.arduino15/packages/ATTinyCore/hardware/avr/1.5.2/cores/tiny/wiring_digital.c:34
  if (pin&128) {pin=analogInputToDigitalPin((pin&127));}
     846:	87 ff       	sbrs	r24, 7
     848:	09 c0       	rjmp	.+18     	; 0x85c <pinMode+0x1a>
     84a:	8f 77       	andi	r24, 0x7F	; 127
     84c:	79 f1       	breq	.+94     	; 0x8ac <pinMode+0x6a>
     84e:	81 30       	cpi	r24, 0x01	; 1
     850:	79 f1       	breq	.+94     	; 0x8b0 <pinMode+0x6e>
     852:	82 30       	cpi	r24, 0x02	; 2
     854:	79 f1       	breq	.+94     	; 0x8b4 <pinMode+0x72>
     856:	83 30       	cpi	r24, 0x03	; 3
     858:	79 f1       	breq	.+94     	; 0x8b8 <pinMode+0x76>
     85a:	8f ef       	ldi	r24, 0xFF	; 255
/home/slb/.arduino15/packages/ATTinyCore/hardware/avr/1.5.2/cores/tiny/wiring_digital.c:35
  uint8_t bit = digitalPinToBitMask(pin);
     85c:	90 e0       	ldi	r25, 0x00	; 0
     85e:	fc 01       	movw	r30, r24
     860:	ea 5c       	subi	r30, 0xCA	; 202
     862:	ff 4f       	sbci	r31, 0xFF	; 255
     864:	24 91       	lpm	r18, Z
/home/slb/.arduino15/packages/ATTinyCore/hardware/avr/1.5.2/cores/tiny/wiring_digital.c:36
  uint8_t port = digitalPinToPort(pin);
     866:	80 5d       	subi	r24, 0xD0	; 208
     868:	9f 4f       	sbci	r25, 0xFF	; 255
     86a:	fc 01       	movw	r30, r24
     86c:	84 91       	lpm	r24, Z
/home/slb/.arduino15/packages/ATTinyCore/hardware/avr/1.5.2/cores/tiny/wiring_digital.c:39
  volatile uint8_t *reg, *out;

  if (port == NOT_A_PIN) return;
     86e:	88 23       	and	r24, r24
     870:	d1 f0       	breq	.+52     	; 0x8a6 <pinMode+0x64>
/home/slb/.arduino15/packages/ATTinyCore/hardware/avr/1.5.2/cores/tiny/wiring_digital.c:41

  reg = portModeRegister(port);
     872:	90 e0       	ldi	r25, 0x00	; 0
     874:	88 0f       	add	r24, r24
     876:	99 1f       	adc	r25, r25
     878:	fc 01       	movw	r30, r24
     87a:	e2 5e       	subi	r30, 0xE2	; 226
     87c:	ff 4f       	sbci	r31, 0xFF	; 255
     87e:	a5 91       	lpm	r26, Z+
     880:	b4 91       	lpm	r27, Z
/home/slb/.arduino15/packages/ATTinyCore/hardware/avr/1.5.2/cores/tiny/wiring_digital.c:42
  out = portOutputRegister(port);
     882:	fc 01       	movw	r30, r24
     884:	e6 5d       	subi	r30, 0xD6	; 214
     886:	ff 4f       	sbci	r31, 0xFF	; 255
     888:	c5 91       	lpm	r28, Z+
     88a:	d4 91       	lpm	r29, Z
/home/slb/.arduino15/packages/ATTinyCore/hardware/avr/1.5.2/cores/tiny/wiring_digital.c:44

  if (mode == INPUT) {
     88c:	61 11       	cpse	r22, r1
     88e:	16 c0       	rjmp	.+44     	; 0x8bc <pinMode+0x7a>
/home/slb/.arduino15/packages/ATTinyCore/hardware/avr/1.5.2/cores/tiny/wiring_digital.c:45
    uint8_t oldSREG = SREG;
     890:	9f b7       	in	r25, 0x3f	; 63
/home/slb/.arduino15/packages/ATTinyCore/hardware/avr/1.5.2/cores/tiny/wiring_digital.c:46
                cli();
     892:	f8 94       	cli
/home/slb/.arduino15/packages/ATTinyCore/hardware/avr/1.5.2/cores/tiny/wiring_digital.c:47
    *reg &= ~bit;
     894:	8c 91       	ld	r24, X
     896:	e2 2f       	mov	r30, r18
     898:	e0 95       	com	r30
     89a:	8e 23       	and	r24, r30
     89c:	8c 93       	st	X, r24
/home/slb/.arduino15/packages/ATTinyCore/hardware/avr/1.5.2/cores/tiny/wiring_digital.c:48
    *out &= ~bit;
     89e:	28 81       	ld	r18, Y
     8a0:	e2 23       	and	r30, r18
     8a2:	e8 83       	st	Y, r30
/home/slb/.arduino15/packages/ATTinyCore/hardware/avr/1.5.2/cores/tiny/wiring_digital.c:49
    SREG = oldSREG;
     8a4:	9f bf       	out	0x3f, r25	; 63
/home/slb/.arduino15/packages/ATTinyCore/hardware/avr/1.5.2/cores/tiny/wiring_digital.c:62
    uint8_t oldSREG = SREG;
                cli();
    *reg |= bit;
    SREG = oldSREG;
  }
}
     8a6:	df 91       	pop	r29
     8a8:	cf 91       	pop	r28
     8aa:	08 95       	ret
/home/slb/.arduino15/packages/ATTinyCore/hardware/avr/1.5.2/cores/tiny/wiring_digital.c:34
#include "wiring_private.h"
#include "pins_arduino.h"

void pinMode(uint8_t pin, uint8_t mode)
{
  if (pin&128) {pin=analogInputToDigitalPin((pin&127));}
     8ac:	85 e0       	ldi	r24, 0x05	; 5
     8ae:	d6 cf       	rjmp	.-84     	; 0x85c <pinMode+0x1a>
     8b0:	82 e0       	ldi	r24, 0x02	; 2
     8b2:	d4 cf       	rjmp	.-88     	; 0x85c <pinMode+0x1a>
     8b4:	84 e0       	ldi	r24, 0x04	; 4
     8b6:	d2 cf       	rjmp	.-92     	; 0x85c <pinMode+0x1a>
     8b8:	83 e0       	ldi	r24, 0x03	; 3
     8ba:	d0 cf       	rjmp	.-96     	; 0x85c <pinMode+0x1a>
/home/slb/.arduino15/packages/ATTinyCore/hardware/avr/1.5.2/cores/tiny/wiring_digital.c:57
                cli();
    *reg &= ~bit;
    *out |= bit;
    SREG = oldSREG;
  } else {
    uint8_t oldSREG = SREG;
     8bc:	8f b7       	in	r24, 0x3f	; 63
/home/slb/.arduino15/packages/ATTinyCore/hardware/avr/1.5.2/cores/tiny/wiring_digital.c:58
                cli();
     8be:	f8 94       	cli
/home/slb/.arduino15/packages/ATTinyCore/hardware/avr/1.5.2/cores/tiny/wiring_digital.c:59
    *reg |= bit;
     8c0:	ec 91       	ld	r30, X
     8c2:	e2 2b       	or	r30, r18
     8c4:	ec 93       	st	X, r30
/home/slb/.arduino15/packages/ATTinyCore/hardware/avr/1.5.2/cores/tiny/wiring_digital.c:60
    SREG = oldSREG;
     8c6:	8f bf       	out	0x3f, r24	; 63
     8c8:	ee cf       	rjmp	.-36     	; 0x8a6 <pinMode+0x64>

000008ca <Adafruit_NeoPixel::begin()>:
_ZN17Adafruit_NeoPixel5beginEv():
/home/slb/Documents/Arduino/libraries/Adafruit_NeoPixel/Adafruit_NeoPixel.cpp:128
}

/*!
  @brief   Configure NeoPixel pin for output.
*/
void Adafruit_NeoPixel::begin(void) {
     8ca:	cf 93       	push	r28
     8cc:	df 93       	push	r29
     8ce:	ec 01       	movw	r28, r24
/home/slb/Documents/Arduino/libraries/Adafruit_NeoPixel/Adafruit_NeoPixel.cpp:129
  if (pin >= 0) {
     8d0:	8d 81       	ldd	r24, Y+5	; 0x05
     8d2:	9e 81       	ldd	r25, Y+6	; 0x06
     8d4:	97 fd       	sbrc	r25, 7
     8d6:	04 c0       	rjmp	.+8      	; 0x8e0 <Adafruit_NeoPixel::begin()+0x16>
/home/slb/Documents/Arduino/libraries/Adafruit_NeoPixel/Adafruit_NeoPixel.cpp:130
    pinMode(pin, OUTPUT);
     8d8:	61 e0       	ldi	r22, 0x01	; 1
     8da:	b3 df       	rcall	.-154    	; 0x842 <pinMode>
/home/slb/Documents/Arduino/libraries/Adafruit_NeoPixel/Adafruit_NeoPixel.cpp:131
    digitalWrite(pin, LOW);
     8dc:	8d 81       	ldd	r24, Y+5	; 0x05
     8de:	4b df       	rcall	.-362    	; 0x776 <digitalWrite.constprop.4>
/home/slb/Documents/Arduino/libraries/Adafruit_NeoPixel/Adafruit_NeoPixel.cpp:133
  }
  begun = true;
     8e0:	81 e0       	ldi	r24, 0x01	; 1
     8e2:	88 83       	st	Y, r24
/home/slb/Documents/Arduino/libraries/Adafruit_NeoPixel/Adafruit_NeoPixel.cpp:134
}
     8e4:	df 91       	pop	r29
     8e6:	cf 91       	pop	r28
     8e8:	08 95       	ret

000008ea <__vector_5>:
__vector_5():
/home/slb/.arduino15/packages/ATTinyCore/hardware/avr/1.5.2/cores/tiny/wiring.c:308
      #error "cannot find Millis() timer overflow vector"
    #endif
  #else
    #error "Millis() timer not defined!"
  #endif
  {
     8ea:	1f 92       	push	r1
     8ec:	0f 92       	push	r0
     8ee:	0f b6       	in	r0, 0x3f	; 63
     8f0:	0f 92       	push	r0
     8f2:	11 24       	eor	r1, r1
     8f4:	4f 93       	push	r20
     8f6:	5f 93       	push	r21
     8f8:	6f 93       	push	r22
     8fa:	7f 93       	push	r23
     8fc:	8f 93       	push	r24
     8fe:	9f 93       	push	r25
/home/slb/.arduino15/packages/ATTinyCore/hardware/avr/1.5.2/cores/tiny/wiring.c:311
    // copy these to local variables so they can be stored in registers
    // (volatile variables must be read from memory on every access)
    unsigned long m = millis_timer_millis;
     900:	40 91 c8 00 	lds	r20, 0x00C8	; 0x8000c8 <millis_timer_millis>
     904:	50 91 c9 00 	lds	r21, 0x00C9	; 0x8000c9 <millis_timer_millis+0x1>
     908:	60 91 ca 00 	lds	r22, 0x00CA	; 0x8000ca <millis_timer_millis+0x2>
     90c:	70 91 cb 00 	lds	r23, 0x00CB	; 0x8000cb <millis_timer_millis+0x3>
/home/slb/.arduino15/packages/ATTinyCore/hardware/avr/1.5.2/cores/tiny/wiring.c:312
    unsigned char f = millis_timer_fract;
     910:	80 91 c7 00 	lds	r24, 0x00C7	; 0x8000c7 <millis_timer_fract>
/home/slb/.arduino15/packages/ATTinyCore/hardware/avr/1.5.2/cores/tiny/wiring.c:315
#ifdef CORRECT_EXACT_MILLIS
    static unsigned char correct_exact = 0;     // rollover intended
    if (++correct_exact < CORRECT_EXACT_MANY) {
     914:	90 91 c6 00 	lds	r25, 0x00C6	; 0x8000c6 <correct_exact.2384>
     918:	9f 5f       	subi	r25, 0xFF	; 255
     91a:	90 93 c6 00 	sts	0x00C6, r25	; 0x8000c6 <correct_exact.2384>
     91e:	9f 31       	cpi	r25, 0x1F	; 31
     920:	08 f4       	brcc	.+2      	; 0x924 <__vector_5+0x3a>
/home/slb/.arduino15/packages/ATTinyCore/hardware/avr/1.5.2/cores/tiny/wiring.c:316
      ++f;
     922:	8f 5f       	subi	r24, 0xFF	; 255
/home/slb/.arduino15/packages/ATTinyCore/hardware/avr/1.5.2/cores/tiny/wiring.c:319
    }
#endif
    f += FRACT_INC;
     924:	9c e7       	ldi	r25, 0x7C	; 124
     926:	98 0f       	add	r25, r24
/home/slb/.arduino15/packages/ATTinyCore/hardware/avr/1.5.2/cores/tiny/wiring.c:321

    if (f >= FRACT_MAX)
     928:	9d 37       	cpi	r25, 0x7D	; 125
     92a:	30 f0       	brcs	.+12     	; 0x938 <__vector_5+0x4e>
/home/slb/.arduino15/packages/ATTinyCore/hardware/avr/1.5.2/cores/tiny/wiring.c:323
    {
      f -= FRACT_MAX;
     92c:	9f ef       	ldi	r25, 0xFF	; 255
     92e:	98 0f       	add	r25, r24
/home/slb/.arduino15/packages/ATTinyCore/hardware/avr/1.5.2/cores/tiny/wiring.c:324
      m += MILLIS_INC + 1;
     930:	4f 5f       	subi	r20, 0xFF	; 255
     932:	5f 4f       	sbci	r21, 0xFF	; 255
     934:	6f 4f       	sbci	r22, 0xFF	; 255
     936:	7f 4f       	sbci	r23, 0xFF	; 255
/home/slb/.arduino15/packages/ATTinyCore/hardware/avr/1.5.2/cores/tiny/wiring.c:331
    else
    {
      m += MILLIS_INC;
    }

    millis_timer_fract = f;
     938:	90 93 c7 00 	sts	0x00C7, r25	; 0x8000c7 <millis_timer_fract>
/home/slb/.arduino15/packages/ATTinyCore/hardware/avr/1.5.2/cores/tiny/wiring.c:332
    millis_timer_millis = m;
     93c:	40 93 c8 00 	sts	0x00C8, r20	; 0x8000c8 <millis_timer_millis>
     940:	50 93 c9 00 	sts	0x00C9, r21	; 0x8000c9 <millis_timer_millis+0x1>
     944:	60 93 ca 00 	sts	0x00CA, r22	; 0x8000ca <millis_timer_millis+0x2>
     948:	70 93 cb 00 	sts	0x00CB, r23	; 0x8000cb <millis_timer_millis+0x3>
/home/slb/.arduino15/packages/ATTinyCore/hardware/avr/1.5.2/cores/tiny/wiring.c:336
#ifndef CORRECT_EXACT_MICROS
    millis_timer_overflow_count++;
#endif
  }
     94c:	9f 91       	pop	r25
     94e:	8f 91       	pop	r24
     950:	7f 91       	pop	r23
     952:	6f 91       	pop	r22
     954:	5f 91       	pop	r21
     956:	4f 91       	pop	r20
     958:	0f 90       	pop	r0
     95a:	0f be       	out	0x3f, r0	; 63
     95c:	0f 90       	pop	r0
     95e:	1f 90       	pop	r1
     960:	18 95       	reti

00000962 <Adafruit_NeoPixel::Adafruit_NeoPixel(unsigned int, int, unsigned char) [clone .constprop.2]>:
_ZN17Adafruit_NeoPixelC2Ejih.constprop.2():
/home/slb/Documents/Arduino/libraries/Adafruit_NeoPixel/Adafruit_NeoPixel.cpp:80
              NeoPixels expecting an 800 KHz (vs 400 KHz) data stream
              with color bytes expressed in green, red, blue order per
              pixel.
  @return  Adafruit_NeoPixel object. Call the begin() function before use.
*/
Adafruit_NeoPixel::Adafruit_NeoPixel(uint16_t n, int16_t p, neoPixelType t)
     962:	cf 92       	push	r12
     964:	df 92       	push	r13
     966:	ef 92       	push	r14
     968:	ff 92       	push	r15
     96a:	0f 93       	push	r16
     96c:	1f 93       	push	r17
     96e:	cf 93       	push	r28
     970:	df 93       	push	r29
     972:	ec 01       	movw	r28, r24
     974:	6b 01       	movw	r12, r22
     976:	14 2f       	mov	r17, r20
     978:	05 2f       	mov	r16, r21
/home/slb/Documents/Arduino/libraries/Adafruit_NeoPixel/Adafruit_NeoPixel.cpp:81
    : begun(false), brightness(0), pixels(NULL), endTime(0) {
     97a:	18 82       	st	Y, r1
     97c:	1f 82       	std	Y+7, r1	; 0x07
     97e:	1e 86       	std	Y+14, r1	; 0x0e
     980:	1f 86       	std	Y+15, r1	; 0x0f
     982:	18 8a       	std	Y+16, r1	; 0x10
     984:	19 8a       	std	Y+17, r1	; 0x11
updateType():
/home/slb/Documents/Arduino/libraries/Adafruit_NeoPixel/Adafruit_NeoPixel.cpp:179
           (length, pin, type).
*/
void Adafruit_NeoPixel::updateType(neoPixelType t) {
  bool oldThreeBytesPerPixel = (wOffset == rOffset); // false if RGBW

  wOffset = (t >> 6) & 0b11; // See notes in header file
     986:	81 e0       	ldi	r24, 0x01	; 1
     988:	8d 87       	std	Y+13, r24	; 0x0d
/home/slb/Documents/Arduino/libraries/Adafruit_NeoPixel/Adafruit_NeoPixel.cpp:180
  rOffset = (t >> 4) & 0b11; // regarding R/G/B/W offsets
     98a:	8a 87       	std	Y+10, r24	; 0x0a
/home/slb/Documents/Arduino/libraries/Adafruit_NeoPixel/Adafruit_NeoPixel.cpp:181
  gOffset = (t >> 2) & 0b11;
     98c:	1b 86       	std	Y+11, r1	; 0x0b
/home/slb/Documents/Arduino/libraries/Adafruit_NeoPixel/Adafruit_NeoPixel.cpp:182
  bOffset = t & 0b11;
     98e:	82 e0       	ldi	r24, 0x02	; 2
     990:	8c 87       	std	Y+12, r24	; 0x0c
updateLength():
/home/slb/Documents/Arduino/libraries/Adafruit_NeoPixel/Adafruit_NeoPixel.cpp:150
*/
void Adafruit_NeoPixel::updateLength(uint16_t n) {
  free(pixels); // Free existing data (if any)

  // Allocate new data -- note: ALL PIXELS ARE CLEARED
  numBytes = n * ((wOffset == rOffset) ? 3 : 4);
     992:	cb 01       	movw	r24, r22
     994:	63 e0       	ldi	r22, 0x03	; 3
     996:	70 e0       	ldi	r23, 0x00	; 0
     998:	5d d2       	rcall	.+1210   	; 0xe54 <__mulhi3>
     99a:	7c 01       	movw	r14, r24
     99c:	9c 83       	std	Y+4, r25	; 0x04
     99e:	8b 83       	std	Y+3, r24	; 0x03
/home/slb/Documents/Arduino/libraries/Adafruit_NeoPixel/Adafruit_NeoPixel.cpp:151
  if ((pixels = (uint8_t *)malloc(numBytes))) {
     9a0:	d8 d2       	rcall	.+1456   	; 0xf52 <malloc>
     9a2:	99 87       	std	Y+9, r25	; 0x09
     9a4:	88 87       	std	Y+8, r24	; 0x08
     9a6:	00 97       	sbiw	r24, 0x00	; 0
     9a8:	69 f1       	breq	.+90     	; 0xa04 <Adafruit_NeoPixel::Adafruit_NeoPixel(unsigned int, int, unsigned char) [clone .constprop.2]+0xa2>
/home/slb/Documents/Arduino/libraries/Adafruit_NeoPixel/Adafruit_NeoPixel.cpp:152
    memset(pixels, 0, numBytes);
     9aa:	a7 01       	movw	r20, r14
     9ac:	70 e0       	ldi	r23, 0x00	; 0
     9ae:	60 e0       	ldi	r22, 0x00	; 0
     9b0:	f5 d3       	rcall	.+2026   	; 0x119c <memset>
/home/slb/Documents/Arduino/libraries/Adafruit_NeoPixel/Adafruit_NeoPixel.cpp:153
    numLEDs = n;
     9b2:	da 82       	std	Y+2, r13	; 0x02
     9b4:	c9 82       	std	Y+1, r12	; 0x01
setPin():
/home/slb/Documents/Arduino/libraries/Adafruit_NeoPixel/Adafruit_NeoPixel.cpp:3132
  @param   p  Arduino pin number (-1 = no pin).
*/
void Adafruit_NeoPixel::setPin(int16_t p) {
  if (begun && (pin >= 0))
    pinMode(pin, INPUT); // Disable existing out pin
  pin = p;
     9b6:	1d 83       	std	Y+5, r17	; 0x05
     9b8:	0e 83       	std	Y+6, r16	; 0x06
/home/slb/Documents/Arduino/libraries/Adafruit_NeoPixel/Adafruit_NeoPixel.cpp:3133
  if (begun) {
     9ba:	88 81       	ld	r24, Y
     9bc:	88 23       	and	r24, r24
     9be:	29 f0       	breq	.+10     	; 0x9ca <Adafruit_NeoPixel::Adafruit_NeoPixel(unsigned int, int, unsigned char) [clone .constprop.2]+0x68>
/home/slb/Documents/Arduino/libraries/Adafruit_NeoPixel/Adafruit_NeoPixel.cpp:3134
    pinMode(p, OUTPUT);
     9c0:	61 e0       	ldi	r22, 0x01	; 1
     9c2:	81 2f       	mov	r24, r17
     9c4:	3e df       	rcall	.-388    	; 0x842 <pinMode>
/home/slb/Documents/Arduino/libraries/Adafruit_NeoPixel/Adafruit_NeoPixel.cpp:3135
    digitalWrite(p, LOW);
     9c6:	81 2f       	mov	r24, r17
     9c8:	d6 de       	rcall	.-596    	; 0x776 <digitalWrite.constprop.4>
/home/slb/Documents/Arduino/libraries/Adafruit_NeoPixel/Adafruit_NeoPixel.cpp:3138
  }
#if defined(__AVR__)
  port = portOutputRegister(digitalPinToPort(p));
     9ca:	81 2f       	mov	r24, r17
     9cc:	90 2f       	mov	r25, r16
     9ce:	fc 01       	movw	r30, r24
     9d0:	e0 5d       	subi	r30, 0xD0	; 208
     9d2:	ff 4f       	sbci	r31, 0xFF	; 255
     9d4:	e4 91       	lpm	r30, Z
     9d6:	f0 e0       	ldi	r31, 0x00	; 0
     9d8:	ee 0f       	add	r30, r30
     9da:	ff 1f       	adc	r31, r31
     9dc:	e6 5d       	subi	r30, 0xD6	; 214
     9de:	ff 4f       	sbci	r31, 0xFF	; 255
     9e0:	25 91       	lpm	r18, Z+
     9e2:	34 91       	lpm	r19, Z
     9e4:	3b 8b       	std	Y+19, r19	; 0x13
     9e6:	2a 8b       	std	Y+18, r18	; 0x12
/home/slb/Documents/Arduino/libraries/Adafruit_NeoPixel/Adafruit_NeoPixel.cpp:3139
  pinMask = digitalPinToBitMask(p);
     9e8:	fc 01       	movw	r30, r24
     9ea:	ea 5c       	subi	r30, 0xCA	; 202
     9ec:	ff 4f       	sbci	r31, 0xFF	; 255
     9ee:	e4 91       	lpm	r30, Z
     9f0:	ec 8b       	std	Y+20, r30	; 0x14
_ZN17Adafruit_NeoPixelC2Ejih.constprop.2():
/home/slb/Documents/Arduino/libraries/Adafruit_NeoPixel/Adafruit_NeoPixel.cpp:95
    pio = pio1;
    sm = pio_claim_unused_sm(pio, true); // panic if no SM is free
  }
  init = true;
#endif
}
     9f2:	df 91       	pop	r29
     9f4:	cf 91       	pop	r28
     9f6:	1f 91       	pop	r17
     9f8:	0f 91       	pop	r16
     9fa:	ff 90       	pop	r15
     9fc:	ef 90       	pop	r14
     9fe:	df 90       	pop	r13
     a00:	cf 90       	pop	r12
     a02:	08 95       	ret
updateLength():
/home/slb/Documents/Arduino/libraries/Adafruit_NeoPixel/Adafruit_NeoPixel.cpp:155
  numBytes = n * ((wOffset == rOffset) ? 3 : 4);
  if ((pixels = (uint8_t *)malloc(numBytes))) {
    memset(pixels, 0, numBytes);
    numLEDs = n;
  } else {
    numLEDs = numBytes = 0;
     a04:	1c 82       	std	Y+4, r1	; 0x04
     a06:	1b 82       	std	Y+3, r1	; 0x03
     a08:	1a 82       	std	Y+2, r1	; 0x02
     a0a:	19 82       	std	Y+1, r1	; 0x01
     a0c:	d4 cf       	rjmp	.-88     	; 0x9b6 <Adafruit_NeoPixel::Adafruit_NeoPixel(unsigned int, int, unsigned char) [clone .constprop.2]+0x54>

00000a0e <main>:
main():
/home/slb/.arduino15/packages/ATTinyCore/hardware/avr/1.5.2/cores/tiny/wiring.c:1032
            #error "Custom tuning is not supported in the current version of ATTinyCore"
          #endif // end check for each prescale freq
        #endif //end if not 16
      #endif // end if not 16.5
    #elif (F_CPU == 16500000L) // not pretuned to 16.5 (no micronucleus), but 16.5 requested, presumably for VUSB.
      if (OSCCAL == read_factory_calibration()) {
     a0e:	91 b7       	in	r25, 0x31	; 49
read_factory_calibration():
/home/slb/.arduino15/packages/ATTinyCore/hardware/avr/1.5.2/cores/tiny/wiring.c:981
#endif


uint8_t read_factory_calibration(void)
{
  uint8_t value = boot_signature_byte_get(1);
     a10:	81 e2       	ldi	r24, 0x21	; 33
     a12:	e1 e0       	ldi	r30, 0x01	; 1
     a14:	f0 e0       	ldi	r31, 0x00	; 0
     a16:	80 93 57 00 	sts	0x0057, r24	; 0x800057 <__EEPROM_REGION_LENGTH__+0x7f0057>
     a1a:	84 91       	lpm	r24, Z
main():
/home/slb/.arduino15/packages/ATTinyCore/hardware/avr/1.5.2/cores/tiny/wiring.c:1032
            #error "Custom tuning is not supported in the current version of ATTinyCore"
          #endif // end check for each prescale freq
        #endif //end if not 16
      #endif // end if not 16.5
    #elif (F_CPU == 16500000L) // not pretuned to 16.5 (no micronucleus), but 16.5 requested, presumably for VUSB.
      if (OSCCAL == read_factory_calibration()) {
     a1c:	98 13       	cpse	r25, r24
     a1e:	06 c0       	rjmp	.+12     	; 0xa2c <main+0x1e>
/home/slb/.arduino15/packages/ATTinyCore/hardware/avr/1.5.2/cores/tiny/wiring.c:1034
        // adjust the calibration up from 16.0mhz to 16.5mhz
        if (OSCCAL >= 128) {
     a20:	01 b6       	in	r0, 0x31	; 49
     a22:	07 fe       	sbrs	r0, 7
     a24:	7c c0       	rjmp	.+248    	; 0xb1e <main+0x110>
/home/slb/.arduino15/packages/ATTinyCore/hardware/avr/1.5.2/cores/tiny/wiring.c:1036
          // maybe 8 is better? oh well - only about 0.3% out anyway
          OSCCAL += 7;
     a26:	81 b7       	in	r24, 0x31	; 49
     a28:	89 5f       	subi	r24, 0xF9	; 249
/home/slb/.arduino15/packages/ATTinyCore/hardware/avr/1.5.2/cores/tiny/wiring.c:1038
        } else {
          OSCCAL += 5;
     a2a:	81 bf       	out	0x31, r24	; 49
/home/slb/.arduino15/packages/ATTinyCore/hardware/avr/1.5.2/cores/tiny/wiring.c:1138
*/

  // Use the Millis Timer for fast PWM (unless it doesn't have an output).
  #if (TIMER_TO_USE_FOR_MILLIS == 0)
    #if defined(WGM01) // if Timer0 has PWM
      TCCR0A = (1<<WGM01) | (1<<WGM00);
     a2c:	83 e0       	ldi	r24, 0x03	; 3
     a2e:	8a bd       	out	0x2a, r24	; 42
/home/slb/.arduino15/packages/ATTinyCore/hardware/avr/1.5.2/cores/tiny/wiring.c:1141
    #endif
    #if defined(TCCR0B) //The x61 has a wacky Timer0!
      TCCR0B = (MillisTimer_Prescale_Index << CS00);
     a30:	83 bf       	out	0x33, r24	; 51
/home/slb/.arduino15/packages/ATTinyCore/hardware/avr/1.5.2/cores/tiny/wiring.c:1162
    TCCR1A = 1<<WGM10;
    TCCR1B = (1<<WGM12) | (MillisTimer_Prescale_Index << CS10);
  #endif

  // this needs to be called before setup() or some functions won't work there
  sei();
     a32:	78 94       	sei
/home/slb/.arduino15/packages/ATTinyCore/hardware/avr/1.5.2/cores/tiny/wiring.c:1167

  #ifndef DISABLEMILLIS
    // Enable the overflow interrupt (this is the basic system tic-toc for millis)
    #if defined(TIMSK) && defined(TOIE0) && (TIMER_TO_USE_FOR_MILLIS == 0)
      sbi(TIMSK, TOIE0);
     a34:	89 b7       	in	r24, 0x39	; 57
     a36:	82 60       	ori	r24, 0x02	; 2
     a38:	89 bf       	out	0x39, r24	; 57
initToneTimerInternal():
/home/slb/.arduino15/packages/ATTinyCore/hardware/avr/1.5.2/cores/tiny/wiring.c:958
    #elif defined(__AVR_ATtiny43__)
      TCCR1A = 3; //WGM 10=1, WGM11=1
      TCCR1B = 3; //prescaler of 64
    #elif (TIMER_TO_USE_FOR_TONE == 1) && defined(TCCR1) // ATtiny x5
      // Use the Tone Timer for fast PWM as phase correct not supported by this timer
      GTCCR = (1<<PWM1B);
     a3a:	80 e4       	ldi	r24, 0x40	; 64
     a3c:	8c bd       	out	0x2c, r24	; 44
/home/slb/.arduino15/packages/ATTinyCore/hardware/avr/1.5.2/cores/tiny/wiring.c:959
      OCR1C = 0xFF; //Use 255 as the top to match with the others as this module doesn't have a 8bit PWM mode.
     a3e:	8f ef       	ldi	r24, 0xFF	; 255
     a40:	8d bd       	out	0x2d, r24	; 45
/home/slb/.arduino15/packages/ATTinyCore/hardware/avr/1.5.2/cores/tiny/wiring.c:960
      TCCR1 = (1<<CTC1) | (1<<PWM1A) | (ToneTimer_Prescale_Index << CS10);
     a42:	87 ec       	ldi	r24, 0xC7	; 199
     a44:	80 bf       	out	0x30, r24	; 48
main():
/home/slb/.arduino15/packages/ATTinyCore/hardware/avr/1.5.2/cores/tiny/wiring.c:1214
  #if defined( INITIALIZE_ANALOG_TO_DIGITAL_CONVERTER ) && INITIALIZE_ANALOG_TO_DIGITAL_CONVERTER
    #if defined(ADCSRA)
      // set a2d prescale factor
      // ADCSRA = (ADCSRA & ~((1<<ADPS2)|(1<<ADPS1)|(1<<ADPS0))) | (ADC_ARDUINO_PRESCALER << ADPS0) | (1<<ADEN);
      // dude, this is being called on startup. We know that ADCSRA is 0! Why add a RMW cycle?!
      ADCSRA = (ADC_ARDUINO_PRESCALER << ADPS0) | (1<<ADEN);
     a46:	87 e8       	ldi	r24, 0x87	; 135
     a48:	86 b9       	out	0x06, r24	; 6
setup():
/usr/local/src/slabua/zr7-taillight/firmware/zr7-taillight-attiny85/zr7-taillight-attiny85.ino:834
  }
}

// ---------------- SETUP ----------------
void setup() {
  pinMode(PIN_STOP, INPUT);
     a4a:	60 e0       	ldi	r22, 0x00	; 0
     a4c:	81 e0       	ldi	r24, 0x01	; 1
     a4e:	f9 de       	rcall	.-526    	; 0x842 <pinMode>
/usr/local/src/slabua/zr7-taillight/firmware/zr7-taillight-attiny85/zr7-taillight-attiny85.ino:835
  pinMode(PIN_LEFT, INPUT);
     a50:	60 e0       	ldi	r22, 0x00	; 0
     a52:	82 e0       	ldi	r24, 0x02	; 2
     a54:	f6 de       	rcall	.-532    	; 0x842 <pinMode>
/usr/local/src/slabua/zr7-taillight/firmware/zr7-taillight-attiny85/zr7-taillight-attiny85.ino:836
  pinMode(PIN_RIGHT, INPUT);
     a56:	60 e0       	ldi	r22, 0x00	; 0
     a58:	83 e0       	ldi	r24, 0x03	; 3
     a5a:	f3 de       	rcall	.-538    	; 0x842 <pinMode>
/usr/local/src/slabua/zr7-taillight/firmware/zr7-taillight-attiny85/zr7-taillight-attiny85.ino:842

  // Keep NeoPixel pins as INPUT during bootloader window
  //pinMode(RINGS_PIN, INPUT);
  //pinMode(PLATE_PIN, INPUT);

  rings.begin();
     a5c:	85 ee       	ldi	r24, 0xE5	; 229
     a5e:	90 e0       	ldi	r25, 0x00	; 0
     a60:	34 df       	rcall	.-408    	; 0x8ca <Adafruit_NeoPixel::begin()>
/usr/local/src/slabua/zr7-taillight/firmware/zr7-taillight-attiny85/zr7-taillight-attiny85.ino:843
  plate.begin();
     a62:	8f ec       	ldi	r24, 0xCF	; 207
     a64:	90 e0       	ldi	r25, 0x00	; 0
     a66:	31 df       	rcall	.-414    	; 0x8ca <Adafruit_NeoPixel::begin()>
loop():
/usr/local/src/slabua/zr7-taillight/firmware/zr7-taillight-attiny85/zr7-taillight-attiny85.ino:860
void loop() {
  static uint8_t loopDivider = 0;
  if (++loopDivider < LOOP_DIVIDER) return;
  loopDivider = 0;

  bool leftState  = digitalRead(PIN_LEFT);
     a68:	88 24       	eor	r8, r8
     a6a:	83 94       	inc	r8
setMode():
/usr/local/src/slabua/zr7-taillight/firmware/zr7-taillight-attiny85/zr7-taillight-attiny85.ino:713
*/

// ---------------- MODE MGMT ----------------
void setMode(Mode m) {
  if (m != currentMode) {
    currentMode = m;
     a6c:	ee 24       	eor	r14, r14
     a6e:	e3 94       	inc	r14
     a70:	f1 2c       	mov	r15, r1
     a72:	64 e0       	ldi	r22, 0x04	; 4
     a74:	a6 2e       	mov	r10, r22
     a76:	b1 2c       	mov	r11, r1
loop():
/usr/local/src/slabua/zr7-taillight/firmware/zr7-taillight-attiny85/zr7-taillight-attiny85.ino:858

// ---------------- MAIN LOOP ----------------
void loop() {
  static uint8_t loopDivider = 0;
  if (++loopDivider < LOOP_DIVIDER) return;
  loopDivider = 0;
     a78:	10 92 0f 01 	sts	0x010F, r1	; 0x80010f <loop::loopDivider>
/usr/local/src/slabua/zr7-taillight/firmware/zr7-taillight-attiny85/zr7-taillight-attiny85.ino:860

  bool leftState  = digitalRead(PIN_LEFT);
     a7c:	82 e0       	ldi	r24, 0x02	; 2
     a7e:	c5 de       	rcall	.-630    	; 0x80a <digitalRead>
     a80:	d1 e0       	ldi	r29, 0x01	; 1
     a82:	89 2b       	or	r24, r25
     a84:	09 f4       	brne	.+2      	; 0xa88 <main+0x7a>
     a86:	d0 e0       	ldi	r29, 0x00	; 0
/usr/local/src/slabua/zr7-taillight/firmware/zr7-taillight-attiny85/zr7-taillight-attiny85.ino:861
  bool rightState = digitalRead(PIN_RIGHT);
     a88:	83 e0       	ldi	r24, 0x03	; 3
     a8a:	bf de       	rcall	.-642    	; 0x80a <digitalRead>
     a8c:	c1 e0       	ldi	r28, 0x01	; 1
     a8e:	89 2b       	or	r24, r25
     a90:	09 f4       	brne	.+2      	; 0xa94 <main+0x86>
     a92:	c0 e0       	ldi	r28, 0x00	; 0
/usr/local/src/slabua/zr7-taillight/firmware/zr7-taillight-attiny85/zr7-taillight-attiny85.ino:862
  bool stopActive = digitalRead(PIN_STOP);
     a94:	81 e0       	ldi	r24, 0x01	; 1
     a96:	b9 de       	rcall	.-654    	; 0x80a <digitalRead>
     a98:	20 91 0c 01 	lds	r18, 0x010C	; 0x80010c <tick>
     a9c:	30 91 0d 01 	lds	r19, 0x010D	; 0x80010d <tick+0x1>
/usr/local/src/slabua/zr7-taillight/firmware/zr7-taillight-attiny85/zr7-taillight-attiny85.ino:865

  // -------- LEFT DEBOUNCE --------
  if (leftState != lastLeftStateStable)
     aa0:	40 91 0e 01 	lds	r20, 0x010E	; 0x80010e <lastLeftStateStable>
     aa4:	d4 17       	cp	r29, r20
     aa6:	21 f0       	breq	.+8      	; 0xab0 <main+0xa2>
/usr/local/src/slabua/zr7-taillight/firmware/zr7-taillight-attiny85/zr7-taillight-attiny85.ino:866
    lastLeftChangeTime = tick;
     aa8:	30 93 0b 01 	sts	0x010B, r19	; 0x80010b <lastLeftChangeTime+0x1>
     aac:	20 93 0a 01 	sts	0x010A, r18	; 0x80010a <lastLeftChangeTime>
/usr/local/src/slabua/zr7-taillight/firmware/zr7-taillight-attiny85/zr7-taillight-attiny85.ino:868

  if ((uint16_t)(tick - lastLeftChangeTime) >= BLINKER_DEBOUNCE_TICKS) {
     ab0:	40 91 0a 01 	lds	r20, 0x010A	; 0x80010a <lastLeftChangeTime>
     ab4:	50 91 0b 01 	lds	r21, 0x010B	; 0x80010b <lastLeftChangeTime+0x1>
     ab8:	42 17       	cp	r20, r18
     aba:	53 07       	cpc	r21, r19
     abc:	11 f0       	breq	.+4      	; 0xac2 <main+0xb4>
/usr/local/src/slabua/zr7-taillight/firmware/zr7-taillight-attiny85/zr7-taillight-attiny85.ino:869
    lastLeftStateStable = leftState;
     abe:	d0 93 0e 01 	sts	0x010E, r29	; 0x80010e <lastLeftStateStable>
/usr/local/src/slabua/zr7-taillight/firmware/zr7-taillight-attiny85/zr7-taillight-attiny85.ino:873
  }

  // -------- RIGHT DEBOUNCE --------
  if (rightState != lastRightStateStable)
     ac2:	40 91 09 01 	lds	r20, 0x0109	; 0x800109 <lastRightStateStable>
     ac6:	c4 17       	cp	r28, r20
     ac8:	21 f0       	breq	.+8      	; 0xad2 <main+0xc4>
/usr/local/src/slabua/zr7-taillight/firmware/zr7-taillight-attiny85/zr7-taillight-attiny85.ino:874
    lastRightChangeTime = tick;
     aca:	30 93 08 01 	sts	0x0108, r19	; 0x800108 <lastRightChangeTime+0x1>
     ace:	20 93 07 01 	sts	0x0107, r18	; 0x800107 <lastRightChangeTime>
/usr/local/src/slabua/zr7-taillight/firmware/zr7-taillight-attiny85/zr7-taillight-attiny85.ino:876

  if ((uint16_t)(tick - lastRightChangeTime) >= BLINKER_DEBOUNCE_TICKS) {
     ad2:	40 91 07 01 	lds	r20, 0x0107	; 0x800107 <lastRightChangeTime>
     ad6:	50 91 08 01 	lds	r21, 0x0108	; 0x800108 <lastRightChangeTime+0x1>
     ada:	42 17       	cp	r20, r18
     adc:	53 07       	cpc	r21, r19
     ade:	11 f0       	breq	.+4      	; 0xae4 <main+0xd6>
/usr/local/src/slabua/zr7-taillight/firmware/zr7-taillight-attiny85/zr7-taillight-attiny85.ino:877
    lastRightStateStable = rightState;
     ae0:	c0 93 09 01 	sts	0x0109, r28	; 0x800109 <lastRightStateStable>
updateEmergencyState():
/usr/local/src/slabua/zr7-taillight/firmware/zr7-taillight-attiny85/zr7-taillight-attiny85.ino:417
static inline void updateEmergencyState(bool leftActive, bool rightActive) {
  if (leftActive && rightActive) {
    emergencyLatched = true;
    emergencyLatchTick = tick;
    emergencyReleaseTick = 0;
  } else if (emergencyLatched) {
     ae4:	60 91 06 01 	lds	r22, 0x0106	; 0x800106 <emergencyLatched>
     ae8:	40 91 02 01 	lds	r20, 0x0102	; 0x800102 <currentMode>
     aec:	50 91 03 01 	lds	r21, 0x0103	; 0x800103 <currentMode+0x1>
     af0:	66 23       	and	r22, r22
     af2:	01 f1       	breq	.+64     	; 0xb34 <main+0x126>
/usr/local/src/slabua/zr7-taillight/firmware/zr7-taillight-attiny85/zr7-taillight-attiny85.ino:420
    // count how long both are inactive
    if (!leftActive && !rightActive) {
      if (emergencyReleaseTick == 0)
     af4:	60 91 04 01 	lds	r22, 0x0104	; 0x800104 <emergencyReleaseTick>
     af8:	70 91 05 01 	lds	r23, 0x0105	; 0x800105 <emergencyReleaseTick+0x1>
     afc:	61 15       	cp	r22, r1
     afe:	71 05       	cpc	r23, r1
     b00:	89 f4       	brne	.+34     	; 0xb24 <main+0x116>
/usr/local/src/slabua/zr7-taillight/firmware/zr7-taillight-attiny85/zr7-taillight-attiny85.ino:421
        emergencyReleaseTick = tick;
     b02:	30 93 05 01 	sts	0x0105, r19	; 0x800105 <emergencyReleaseTick+0x1>
     b06:	20 93 04 01 	sts	0x0104, r18	; 0x800104 <emergencyReleaseTick>
loop():
/usr/local/src/slabua/zr7-taillight/firmware/zr7-taillight-attiny85/zr7-taillight-attiny85.ino:903

  // -------- EMERGENCY LATCH UPDATE --------
  updateEmergencyState(leftActive, rightActive);

  // -------- MODE PRIORITY --------
  if (stopActive)
     b0a:	89 2b       	or	r24, r25
     b0c:	b1 f4       	brne	.+44     	; 0xb3a <main+0x12c>
setMode():
/usr/local/src/slabua/zr7-taillight/firmware/zr7-taillight-attiny85/zr7-taillight-attiny85.ino:712
}
*/

// ---------------- MODE MGMT ----------------
void setMode(Mode m) {
  if (m != currentMode) {
     b0e:	44 30       	cpi	r20, 0x04	; 4
     b10:	51 05       	cpc	r21, r1
     b12:	f1 f0       	breq	.+60     	; 0xb50 <main+0x142>
/usr/local/src/slabua/zr7-taillight/firmware/zr7-taillight-attiny85/zr7-taillight-attiny85.ino:713
    currentMode = m;
     b14:	b0 92 03 01 	sts	0x0103, r11	; 0x800103 <currentMode+0x1>
     b18:	a0 92 02 01 	sts	0x0102, r10	; 0x800102 <currentMode>
     b1c:	19 c0       	rjmp	.+50     	; 0xb50 <main+0x142>
main():
/home/slb/.arduino15/packages/ATTinyCore/hardware/avr/1.5.2/cores/tiny/wiring.c:1038
        // adjust the calibration up from 16.0mhz to 16.5mhz
        if (OSCCAL >= 128) {
          // maybe 8 is better? oh well - only about 0.3% out anyway
          OSCCAL += 7;
        } else {
          OSCCAL += 5;
     b1e:	81 b7       	in	r24, 0x31	; 49
     b20:	8b 5f       	subi	r24, 0xFB	; 251
     b22:	83 cf       	rjmp	.-250    	; 0xa2a <main+0x1c>
updateEmergencyState():
/usr/local/src/slabua/zr7-taillight/firmware/zr7-taillight-attiny85/zr7-taillight-attiny85.ino:422
  } else if (emergencyLatched) {
    // count how long both are inactive
    if (!leftActive && !rightActive) {
      if (emergencyReleaseTick == 0)
        emergencyReleaseTick = tick;
      else if ((uint16_t)(tick - emergencyReleaseTick) >= EMERG_RELEASE_TICKS)
     b24:	f9 01       	movw	r30, r18
     b26:	e6 1b       	sub	r30, r22
     b28:	f7 0b       	sbc	r31, r23
     b2a:	e6 39       	cpi	r30, 0x96	; 150
     b2c:	f1 05       	cpc	r31, r1
     b2e:	68 f3       	brcs	.-38     	; 0xb0a <main+0xfc>
/usr/local/src/slabua/zr7-taillight/firmware/zr7-taillight-attiny85/zr7-taillight-attiny85.ino:423
        emergencyLatched = false;
     b30:	10 92 06 01 	sts	0x0106, r1	; 0x800106 <emergencyLatched>
loop():
/usr/local/src/slabua/zr7-taillight/firmware/zr7-taillight-attiny85/zr7-taillight-attiny85.ino:903

  // -------- EMERGENCY LATCH UPDATE --------
  updateEmergencyState(leftActive, rightActive);

  // -------- MODE PRIORITY --------
  if (stopActive)
     b34:	89 2b       	or	r24, r25
     b36:	09 f4       	brne	.+2      	; 0xb3a <main+0x12c>
     b38:	5c c1       	rjmp	.+696    	; 0xdf2 <main+0x3e4>
setMode():
/usr/local/src/slabua/zr7-taillight/firmware/zr7-taillight-attiny85/zr7-taillight-attiny85.ino:712
}
*/

// ---------------- MODE MGMT ----------------
void setMode(Mode m) {
  if (m != currentMode) {
     b3a:	41 30       	cpi	r20, 0x01	; 1
     b3c:	51 05       	cpc	r21, r1
     b3e:	41 f0       	breq	.+16     	; 0xb50 <main+0x142>
/usr/local/src/slabua/zr7-taillight/firmware/zr7-taillight-attiny85/zr7-taillight-attiny85.ino:713
    currentMode = m;
     b40:	f0 92 03 01 	sts	0x0103, r15	; 0x800103 <currentMode+0x1>
     b44:	e0 92 02 01 	sts	0x0102, r14	; 0x800102 <currentMode>
/usr/local/src/slabua/zr7-taillight/firmware/zr7-taillight-attiny85/zr7-taillight-attiny85.ino:722
//    } else {
//      stopEmergencyRingAnim();
//    }

    if (m == MODE_STOP) {
      platePos = 0;
     b48:	10 92 01 01 	sts	0x0101, r1	; 0x800101 <platePos>
/usr/local/src/slabua/zr7-taillight/firmware/zr7-taillight-attiny85/zr7-taillight-attiny85.ino:723
      plateDir = 1;
     b4c:	80 92 61 00 	sts	0x0061, r8	; 0x800061 <plateDir>
updateAnimation():
/usr/local/src/slabua/zr7-taillight/firmware/zr7-taillight-attiny85/zr7-taillight-attiny85.ino:738
  }
}

// ---------------- ANIMATION UPDATE ----------------
void updateAnimation() {
  animTick++;
     b50:	00 91 ff 00 	lds	r16, 0x00FF	; 0x8000ff <animTick>
     b54:	10 91 00 01 	lds	r17, 0x0100	; 0x800100 <animTick+0x1>
     b58:	0f 5f       	subi	r16, 0xFF	; 255
     b5a:	1f 4f       	sbci	r17, 0xFF	; 255
     b5c:	10 93 00 01 	sts	0x0100, r17	; 0x800100 <animTick+0x1>
     b60:	00 93 ff 00 	sts	0x00FF, r16	; 0x8000ff <animTick>
/usr/local/src/slabua/zr7-taillight/firmware/zr7-taillight-attiny85/zr7-taillight-attiny85.ino:739
  tick++;
     b64:	2f 5f       	subi	r18, 0xFF	; 255
     b66:	3f 4f       	sbci	r19, 0xFF	; 255
     b68:	30 93 0d 01 	sts	0x010D, r19	; 0x80010d <tick+0x1>
     b6c:	20 93 0c 01 	sts	0x010C, r18	; 0x80010c <tick>
delay():
/home/slb/.arduino15/packages/ATTinyCore/hardware/avr/1.5.2/cores/tiny/wiring.c:518
  void yield(void) __attribute__ ((weak, alias("__empty")));

  void delay(unsigned long ms)
  {
    #if (F_CPU>=1000000L)
    uint16_t start = (uint16_t)micros();
     b70:	90 da       	rcall	.-2784   	; 0x92 <micros>
     b72:	eb 01       	movw	r28, r22
     b74:	4a e0       	ldi	r20, 0x0A	; 10
     b76:	44 2e       	mov	r4, r20
     b78:	51 2c       	mov	r5, r1
     b7a:	61 2c       	mov	r6, r1
     b7c:	71 2c       	mov	r7, r1
/home/slb/.arduino15/packages/ATTinyCore/hardware/avr/1.5.2/cores/tiny/wiring.c:522

    while (ms > 0) {
      yield();
      while (((uint16_t)micros() - start) >= 1000 && ms) {
     b7e:	89 da       	rcall	.-2798   	; 0x92 <micros>
     b80:	6c 1b       	sub	r22, r28
     b82:	7d 0b       	sbc	r23, r29
     b84:	68 3e       	cpi	r22, 0xE8	; 232
     b86:	73 40       	sbci	r23, 0x03	; 3
     b88:	80 f1       	brcs	.+96     	; 0xbea <main+0x1dc>
     b8a:	41 14       	cp	r4, r1
     b8c:	51 04       	cpc	r5, r1
     b8e:	61 04       	cpc	r6, r1
     b90:	71 04       	cpc	r7, r1
     b92:	19 f5       	brne	.+70     	; 0xbda <main+0x1cc>
     b94:	c0 91 02 01 	lds	r28, 0x0102	; 0x800102 <currentMode>
     b98:	d0 91 03 01 	lds	r29, 0x0103	; 0x800103 <currentMode+0x1>
updateAnimation():
/usr/local/src/slabua/zr7-taillight/firmware/zr7-taillight-attiny85/zr7-taillight-attiny85.ino:748
  // ---------- RINGS ----------
//  if (ringEmergState == RING_EMERG_ACTIVE) {
//    animRingsEmergencyRings();
//  }
//  else 
  if ((blinkState == BLINK_ACTIVE) && (currentMode == MODE_IDLE || currentMode == MODE_STOP)) {
     b9c:	80 91 fd 00 	lds	r24, 0x00FD	; 0x8000fd <blinkState>
     ba0:	90 91 fe 00 	lds	r25, 0x00FE	; 0x8000fe <blinkState+0x1>
     ba4:	01 97       	sbiw	r24, 0x01	; 1
     ba6:	09 f0       	breq	.+2      	; 0xbaa <main+0x19c>
     ba8:	77 c0       	rjmp	.+238    	; 0xc98 <main+0x28a>
     baa:	c2 30       	cpi	r28, 0x02	; 2
     bac:	d1 05       	cpc	r29, r1
     bae:	08 f0       	brcs	.+2      	; 0xbb2 <main+0x1a4>
     bb0:	73 c0       	rjmp	.+230    	; 0xc98 <main+0x28a>
animRingsEyeBlink():
/usr/local/src/slabua/zr7-taillight/firmware/zr7-taillight-attiny85/zr7-taillight-attiny85.ino:538
void animRingsEyeBlink() {
  if (blinkState != BLINK_ACTIVE)
    return;

  // ---- timing gate ----
  if (++blinkTick < BLINK_STEP_TICKS)
     bb2:	80 91 cc 00 	lds	r24, 0x00CC	; 0x8000cc <blinkTick>
     bb6:	8f 5f       	subi	r24, 0xFF	; 255
     bb8:	82 30       	cpi	r24, 0x02	; 2
     bba:	e8 f4       	brcc	.+58     	; 0xbf6 <main+0x1e8>
     bbc:	80 93 cc 00 	sts	0x00CC, r24	; 0x8000cc <blinkTick>
updateAnimation():
/usr/local/src/slabua/zr7-taillight/firmware/zr7-taillight-attiny85/zr7-taillight-attiny85.ino:785
  // ---------- PLATE ----------
//  if (ringEmergState == RING_EMERG_ACTIVE) {
//    animPlateEmergTrail();   // or animPlateIdleOverlay(), etc.
//  }
//  else {
    switch (currentMode) {
     bc0:	c2 30       	cpi	r28, 0x02	; 2
     bc2:	d1 05       	cpc	r29, r1
     bc4:	09 f4       	brne	.+2      	; 0xbc8 <main+0x1ba>
     bc6:	03 c1       	rjmp	.+518    	; 0xdce <main+0x3c0>
     bc8:	08 f0       	brcs	.+2      	; 0xbcc <main+0x1be>
     bca:	f8 c0       	rjmp	.+496    	; 0xdbc <main+0x3ae>
     bcc:	20 97       	sbiw	r28, 0x00	; 0
     bce:	09 f4       	brne	.+2      	; 0xbd2 <main+0x1c4>
     bd0:	cc c0       	rjmp	.+408    	; 0xd6a <main+0x35c>
     bd2:	21 97       	sbiw	r28, 0x01	; 1
     bd4:	09 f0       	breq	.+2      	; 0xbd8 <main+0x1ca>
     bd6:	6d c0       	rjmp	.+218    	; 0xcb2 <main+0x2a4>
     bd8:	eb c0       	rjmp	.+470    	; 0xdb0 <main+0x3a2>
delay():
/home/slb/.arduino15/packages/ATTinyCore/hardware/avr/1.5.2/cores/tiny/wiring.c:523
        ms--;
     bda:	f1 e0       	ldi	r31, 0x01	; 1
     bdc:	4f 1a       	sub	r4, r31
     bde:	51 08       	sbc	r5, r1
     be0:	61 08       	sbc	r6, r1
     be2:	71 08       	sbc	r7, r1
/home/slb/.arduino15/packages/ATTinyCore/hardware/avr/1.5.2/cores/tiny/wiring.c:524
        start += 1000;
     be4:	c8 51       	subi	r28, 0x18	; 24
     be6:	dc 4f       	sbci	r29, 0xFC	; 252
     be8:	ca cf       	rjmp	.-108    	; 0xb7e <main+0x170>
/home/slb/.arduino15/packages/ATTinyCore/hardware/avr/1.5.2/cores/tiny/wiring.c:520
  void delay(unsigned long ms)
  {
    #if (F_CPU>=1000000L)
    uint16_t start = (uint16_t)micros();

    while (ms > 0) {
     bea:	41 14       	cp	r4, r1
     bec:	51 04       	cpc	r5, r1
     bee:	61 04       	cpc	r6, r1
     bf0:	71 04       	cpc	r7, r1
     bf2:	29 f6       	brne	.-118    	; 0xb7e <main+0x170>
     bf4:	cf cf       	rjmp	.-98     	; 0xb94 <main+0x186>
animRingsEyeBlink():
/usr/local/src/slabua/zr7-taillight/firmware/zr7-taillight-attiny85/zr7-taillight-attiny85.ino:540
    return;

  // ---- timing gate ----
  if (++blinkTick < BLINK_STEP_TICKS)
    return;
  blinkTick = 0;
     bf6:	10 92 cc 00 	sts	0x00CC, r1	; 0x8000cc <blinkTick>
main():
/usr/local/src/slabua/zr7-taillight/firmware/zr7-taillight-attiny85/zr7-taillight-attiny85.ino:542

  uint32_t colour = rings.Color(
     bfa:	80 e4       	ldi	r24, 0x40	; 64
animRingsEyeBlink():
     bfc:	c1 30       	cpi	r28, 0x01	; 1
     bfe:	d1 05       	cpc	r29, r1
     c00:	09 f4       	brne	.+2      	; 0xc04 <main+0x1f6>
main():
     c02:	88 ec       	ldi	r24, 0xC8	; 200
_ZN17Adafruit_NeoPixel5ColorEhhh():
/home/slb/Documents/Arduino/libraries/Adafruit_NeoPixel/Adafruit_NeoPixel.h:338
     c04:	90 e0       	ldi	r25, 0x00	; 0
     c06:	b0 e0       	ldi	r27, 0x00	; 0
     c08:	a0 e0       	ldi	r26, 0x00	; 0
     c0a:	3c 01       	movw	r6, r24
     c0c:	55 24       	eor	r5, r5
     c0e:	44 24       	eor	r4, r4
     c10:	8a e0       	ldi	r24, 0x0A	; 10
     c12:	58 2a       	or	r5, r24
animRingsEyeBlink():
/usr/local/src/slabua/zr7-taillight/firmware/zr7-taillight-attiny85/zr7-taillight-attiny85.ino:545
        (currentMode == MODE_STOP) ? STOP_BRIGHTNESS : IDLE_MAX_BRIGHTNESS, 10, 0);

  int8_t level = blinkOrder[blinkIndex];
     c14:	90 90 ce 00 	lds	r9, 0x00CE	; 0x8000ce <blinkIndex>
     c18:	e9 2d       	mov	r30, r9
     c1a:	09 2c       	mov	r0, r9
     c1c:	00 0c       	add	r0, r0
     c1e:	ff 0b       	sbc	r31, r31
     c20:	eb 56       	subi	r30, 0x6B	; 107
     c22:	ff 4f       	sbci	r31, 0xFF	; 255
     c24:	20 80       	ld	r2, Z
     c26:	38 e6       	ldi	r19, 0x68	; 104
     c28:	c3 2e       	mov	r12, r19
     c2a:	30 e0       	ldi	r19, 0x00	; 0
     c2c:	d3 2e       	mov	r13, r19
     c2e:	10 e0       	ldi	r17, 0x00	; 0
     c30:	00 e0       	ldi	r16, 0x00	; 0
/usr/local/src/slabua/zr7-taillight/firmware/zr7-taillight-attiny85/zr7-taillight-attiny85.ino:548

  for (uint8_t i = 0; i < RING_LEDS; i++) {
    if (ledY[i] == level) {
     c32:	f6 01       	movw	r30, r12
     c34:	81 91       	ld	r24, Z+
     c36:	6f 01       	movw	r12, r30
     c38:	30 90 cd 00 	lds	r3, 0x00CD	; 0x8000cd <blinkOpening>
     c3c:	28 12       	cpse	r2, r24
     c3e:	0c c0       	rjmp	.+24     	; 0xc58 <main+0x24a>
main():
/usr/local/src/slabua/zr7-taillight/firmware/zr7-taillight-attiny85/zr7-taillight-attiny85.ino:549
      rings.setPixelColor(i, blinkOpening ? colour : 0);
     c40:	92 01       	movw	r18, r4
     c42:	a3 01       	movw	r20, r6
animRingsEyeBlink():
     c44:	31 10       	cpse	r3, r1
     c46:	04 c0       	rjmp	.+8      	; 0xc50 <main+0x242>
main():
     c48:	20 e0       	ldi	r18, 0x00	; 0
     c4a:	30 e0       	ldi	r19, 0x00	; 0
     c4c:	40 e0       	ldi	r20, 0x00	; 0
     c4e:	50 e0       	ldi	r21, 0x00	; 0
animRingsEyeBlink():
     c50:	b8 01       	movw	r22, r16
     c52:	85 ee       	ldi	r24, 0xE5	; 229
     c54:	90 e0       	ldi	r25, 0x00	; 0
     c56:	06 db       	rcall	.-2548   	; 0x264 <Adafruit_NeoPixel::setPixelColor(unsigned int, unsigned long)>
     c58:	0f 5f       	subi	r16, 0xFF	; 255
     c5a:	1f 4f       	sbci	r17, 0xFF	; 255
/usr/local/src/slabua/zr7-taillight/firmware/zr7-taillight-attiny85/zr7-taillight-attiny85.ino:547
  uint32_t colour = rings.Color(
        (currentMode == MODE_STOP) ? STOP_BRIGHTNESS : IDLE_MAX_BRIGHTNESS, 10, 0);

  int8_t level = blinkOrder[blinkIndex];

  for (uint8_t i = 0; i < RING_LEDS; i++) {
     c5c:	0d 32       	cpi	r16, 0x2D	; 45
     c5e:	11 05       	cpc	r17, r1
     c60:	41 f7       	brne	.-48     	; 0xc32 <main+0x224>
/usr/local/src/slabua/zr7-taillight/firmware/zr7-taillight-attiny85/zr7-taillight-attiny85.ino:553
    if (ledY[i] == level) {
      rings.setPixelColor(i, blinkOpening ? colour : 0);
    }
  }

  ringsDirty = true;
     c62:	80 92 fa 00 	sts	0x00FA, r8	; 0x8000fa <ringsDirty>
/usr/local/src/slabua/zr7-taillight/firmware/zr7-taillight-attiny85/zr7-taillight-attiny85.ino:556

  // ---- advance ----
  if (!blinkOpening) {
     c66:	31 10       	cpse	r3, r1
     c68:	0d c0       	rjmp	.+26     	; 0xc84 <main+0x276>
/usr/local/src/slabua/zr7-taillight/firmware/zr7-taillight-attiny85/zr7-taillight-attiny85.ino:557
    if (blinkIndex < BLINK_STEPS - 1) {
     c6a:	f5 e0       	ldi	r31, 0x05	; 5
     c6c:	f9 15       	cp	r31, r9
     c6e:	3c f0       	brlt	.+14     	; 0xc7e <main+0x270>
/usr/local/src/slabua/zr7-taillight/firmware/zr7-taillight-attiny85/zr7-taillight-attiny85.ino:558
      blinkIndex++;
     c70:	93 94       	inc	r9
     c72:	90 92 ce 00 	sts	0x00CE, r9	; 0x8000ce <blinkIndex>
updateAnimation():
/usr/local/src/slabua/zr7-taillight/firmware/zr7-taillight-attiny85/zr7-taillight-attiny85.ino:785
  // ---------- PLATE ----------
//  if (ringEmergState == RING_EMERG_ACTIVE) {
//    animPlateEmergTrail();   // or animPlateIdleOverlay(), etc.
//  }
//  else {
    switch (currentMode) {
     c76:	21 97       	sbiw	r28, 0x01	; 1
     c78:	09 f0       	breq	.+2      	; 0xc7c <main+0x26e>
     c7a:	77 c0       	rjmp	.+238    	; 0xd6a <main+0x35c>
     c7c:	99 c0       	rjmp	.+306    	; 0xdb0 <main+0x3a2>
animRingsEyeBlink():
/usr/local/src/slabua/zr7-taillight/firmware/zr7-taillight-attiny85/zr7-taillight-attiny85.ino:561
  if (!blinkOpening) {
    if (blinkIndex < BLINK_STEPS - 1) {
      blinkIndex++;
    } else {
      // we have already rendered the last step
      blinkOpening = true;
     c7e:	80 92 cd 00 	sts	0x00CD, r8	; 0x8000cd <blinkOpening>
     c82:	f9 cf       	rjmp	.-14     	; 0xc76 <main+0x268>
/usr/local/src/slabua/zr7-taillight/firmware/zr7-taillight-attiny85/zr7-taillight-attiny85.ino:564
    }
  } else {
    blinkIndex--;
     c84:	9a 94       	dec	r9
     c86:	90 92 ce 00 	sts	0x00CE, r9	; 0x8000ce <blinkIndex>
/usr/local/src/slabua/zr7-taillight/firmware/zr7-taillight-attiny85/zr7-taillight-attiny85.ino:565
    if (blinkIndex < 0) {
     c8a:	97 fe       	sbrs	r9, 7
     c8c:	99 cf       	rjmp	.-206    	; 0xbc0 <main+0x1b2>
/usr/local/src/slabua/zr7-taillight/firmware/zr7-taillight-attiny85/zr7-taillight-attiny85.ino:566
      blinkState = BLINK_IDLE;
     c8e:	10 92 fe 00 	sts	0x00FE, r1	; 0x8000fe <blinkState+0x1>
     c92:	10 92 fd 00 	sts	0x00FD, r1	; 0x8000fd <blinkState>
     c96:	ef cf       	rjmp	.-34     	; 0xc76 <main+0x268>
updateAnimation():
/usr/local/src/slabua/zr7-taillight/firmware/zr7-taillight-attiny85/zr7-taillight-attiny85.ino:751
//  }
//  else 
  if ((blinkState == BLINK_ACTIVE) && (currentMode == MODE_IDLE || currentMode == MODE_STOP)) {
      animRingsEyeBlink();
  } else {
    switch (currentMode) {
     c98:	c4 30       	cpi	r28, 0x04	; 4
     c9a:	d1 05       	cpc	r29, r1
     c9c:	f0 f5       	brcc	.+124    	; 0xd1a <main+0x30c>
     c9e:	c2 30       	cpi	r28, 0x02	; 2
     ca0:	d1 05       	cpc	r29, r1
     ca2:	08 f0       	brcs	.+2      	; 0xca6 <main+0x298>
     ca4:	88 c0       	rjmp	.+272    	; 0xdb6 <main+0x3a8>
     ca6:	20 97       	sbiw	r28, 0x00	; 0
     ca8:	09 f4       	brne	.+2      	; 0xcac <main+0x29e>
     caa:	5c c0       	rjmp	.+184    	; 0xd64 <main+0x356>
     cac:	21 97       	sbiw	r28, 0x01	; 1
     cae:	09 f4       	brne	.+2      	; 0xcb2 <main+0x2a4>
     cb0:	60 c0       	rjmp	.+192    	; 0xd72 <main+0x364>
/usr/local/src/slabua/zr7-taillight/firmware/zr7-taillight-attiny85/zr7-taillight-attiny85.ino:813
//  }

  // ---------- TRIGGER BLINK ----------
  static uint16_t blinkIntervalTick = 0;

  if (blinkState == BLINK_IDLE) {
     cb2:	80 91 fd 00 	lds	r24, 0x00FD	; 0x8000fd <blinkState>
     cb6:	90 91 fe 00 	lds	r25, 0x00FE	; 0x8000fe <blinkState+0x1>
     cba:	89 2b       	or	r24, r25
     cbc:	71 f4       	brne	.+28     	; 0xcda <main+0x2cc>
/usr/local/src/slabua/zr7-taillight/firmware/zr7-taillight-attiny85/zr7-taillight-attiny85.ino:814
    if (++blinkIntervalTick >= BLINK_INTERVAL_TICKS) {
     cbe:	80 91 fb 00 	lds	r24, 0x00FB	; 0x8000fb <updateAnimation()::blinkIntervalTick>
     cc2:	90 91 fc 00 	lds	r25, 0x00FC	; 0x8000fc <updateAnimation()::blinkIntervalTick+0x1>
     cc6:	01 96       	adiw	r24, 0x01	; 1
     cc8:	84 3f       	cpi	r24, 0xF4	; 244
     cca:	21 e0       	ldi	r18, 0x01	; 1
     ccc:	92 07       	cpc	r25, r18
     cce:	08 f0       	brcs	.+2      	; 0xcd2 <main+0x2c4>
     cd0:	81 c0       	rjmp	.+258    	; 0xdd4 <main+0x3c6>
     cd2:	90 93 fc 00 	sts	0x00FC, r25	; 0x8000fc <updateAnimation()::blinkIntervalTick+0x1>
     cd6:	80 93 fb 00 	sts	0x00FB, r24	; 0x8000fb <updateAnimation()::blinkIntervalTick>
/usr/local/src/slabua/zr7-taillight/firmware/zr7-taillight-attiny85/zr7-taillight-attiny85.ino:821
      startEyeBlink();
    }
  }

  // ---------- FLUSH ----------
  if (ringsDirty) {
     cda:	80 91 fa 00 	lds	r24, 0x00FA	; 0x8000fa <ringsDirty>
     cde:	88 23       	and	r24, r24
     ce0:	59 f0       	breq	.+22     	; 0xcf8 <main+0x2ea>
show():
/home/slb/Documents/Arduino/libraries/Adafruit_NeoPixel/Adafruit_NeoPixel.cpp:260
           specialized alternative or companion libraries exist that use
           very device-specific peripherals to work around it.
*/
void Adafruit_NeoPixel::show(void) {

  if (!pixels)
     ce2:	80 91 ed 00 	lds	r24, 0x00ED	; 0x8000ed <rings+0x8>
     ce6:	90 91 ee 00 	lds	r25, 0x00EE	; 0x8000ee <rings+0x9>
     cea:	89 2b       	or	r24, r25
     cec:	19 f0       	breq	.+6      	; 0xcf4 <main+0x2e6>
     cee:	85 ee       	ldi	r24, 0xE5	; 229
     cf0:	90 e0       	ldi	r25, 0x00	; 0
     cf2:	2a da       	rcall	.-2988   	; 0x148 <Adafruit_NeoPixel::show() [clone .part.2]>
updateAnimation():
/usr/local/src/slabua/zr7-taillight/firmware/zr7-taillight-attiny85/zr7-taillight-attiny85.ino:823
    rings.show();
    ringsDirty = false;
     cf4:	10 92 fa 00 	sts	0x00FA, r1	; 0x8000fa <ringsDirty>
/usr/local/src/slabua/zr7-taillight/firmware/zr7-taillight-attiny85/zr7-taillight-attiny85.ino:826
  }

  if (plateDirty) {
     cf8:	80 91 e4 00 	lds	r24, 0x00E4	; 0x8000e4 <plateDirty>
     cfc:	88 23       	and	r24, r24
     cfe:	09 f4       	brne	.+2      	; 0xd02 <main+0x2f4>
     d00:	bb ce       	rjmp	.-650    	; 0xa78 <main+0x6a>
show():
/home/slb/Documents/Arduino/libraries/Adafruit_NeoPixel/Adafruit_NeoPixel.cpp:260
     d02:	80 91 d7 00 	lds	r24, 0x00D7	; 0x8000d7 <plate+0x8>
     d06:	90 91 d8 00 	lds	r25, 0x00D8	; 0x8000d8 <plate+0x9>
     d0a:	89 2b       	or	r24, r25
     d0c:	19 f0       	breq	.+6      	; 0xd14 <main+0x306>
     d0e:	8f ec       	ldi	r24, 0xCF	; 207
     d10:	90 e0       	ldi	r25, 0x00	; 0
     d12:	1a da       	rcall	.-3020   	; 0x148 <Adafruit_NeoPixel::show() [clone .part.2]>
updateAnimation():
/usr/local/src/slabua/zr7-taillight/firmware/zr7-taillight-attiny85/zr7-taillight-attiny85.ino:828
    plate.show();
    plateDirty = false;
     d14:	10 92 e4 00 	sts	0x00E4, r1	; 0x8000e4 <plateDirty>
     d18:	af ce       	rjmp	.-674    	; 0xa78 <main+0x6a>
/usr/local/src/slabua/zr7-taillight/firmware/zr7-taillight-attiny85/zr7-taillight-attiny85.ino:751
//  }
//  else 
  if ((blinkState == BLINK_ACTIVE) && (currentMode == MODE_IDLE || currentMode == MODE_STOP)) {
      animRingsEyeBlink();
  } else {
    switch (currentMode) {
     d1a:	24 97       	sbiw	r28, 0x04	; 4
     d1c:	51 f6       	brne	.-108    	; 0xcb2 <main+0x2a4>
animRingsEmergency():
/usr/local/src/slabua/zr7-taillight/firmware/zr7-taillight-attiny85/zr7-taillight-attiny85.ino:475

  ringsDirty = true;
}

void animRingsEmergency(uint16_t animTick) {
  uint8_t phase = (animTick / RINGS_EMERG_DELAY) & 1;
     d1e:	c8 01       	movw	r24, r16
     d20:	62 e3       	ldi	r22, 0x32	; 50
     d22:	70 e0       	ldi	r23, 0x00	; 0
     d24:	da d0       	rcall	.+436    	; 0xeda <__udivmodhi4>
main():
/usr/local/src/slabua/zr7-taillight/firmware/zr7-taillight-attiny85/zr7-taillight-attiny85.ino:476
  uint8_t val = phase ? 0 : 55;
     d26:	80 e0       	ldi	r24, 0x00	; 0
animRingsEmergency():
     d28:	60 ff       	sbrs	r22, 0
main():
     d2a:	87 e3       	ldi	r24, 0x37	; 55
animRingsEmergency():
/usr/local/src/slabua/zr7-taillight/firmware/zr7-taillight-attiny85/zr7-taillight-attiny85.ino:478

  uint32_t colour = rings.Color(val, val / 4, 0);
     d2c:	98 2f       	mov	r25, r24
     d2e:	96 95       	lsr	r25
     d30:	96 95       	lsr	r25
_ZN17Adafruit_NeoPixel5ColorEhhh():
/home/slb/Documents/Arduino/libraries/Adafruit_NeoPixel/Adafruit_NeoPixel.h:338
     d32:	48 2e       	mov	r4, r24
     d34:	51 2c       	mov	r5, r1
     d36:	71 2c       	mov	r7, r1
     d38:	61 2c       	mov	r6, r1
     d3a:	32 01       	movw	r6, r4
     d3c:	55 24       	eor	r5, r5
     d3e:	44 24       	eor	r4, r4
     d40:	59 2a       	or	r5, r25
     d42:	d0 e0       	ldi	r29, 0x00	; 0
     d44:	c0 e0       	ldi	r28, 0x00	; 0
animRingsEmergency():
/usr/local/src/slabua/zr7-taillight/firmware/zr7-taillight-attiny85/zr7-taillight-attiny85.ino:481

  for (uint8_t i = 0; i < RING_LEDS; i++)
    rings.setPixelColor(i, colour);
     d46:	a3 01       	movw	r20, r6
     d48:	92 01       	movw	r18, r4
     d4a:	be 01       	movw	r22, r28
     d4c:	85 ee       	ldi	r24, 0xE5	; 229
     d4e:	90 e0       	ldi	r25, 0x00	; 0
     d50:	89 da       	rcall	.-2798   	; 0x264 <Adafruit_NeoPixel::setPixelColor(unsigned int, unsigned long)>
     d52:	21 96       	adiw	r28, 0x01	; 1
/usr/local/src/slabua/zr7-taillight/firmware/zr7-taillight-attiny85/zr7-taillight-attiny85.ino:480
  uint8_t phase = (animTick / RINGS_EMERG_DELAY) & 1;
  uint8_t val = phase ? 0 : 55;

  uint32_t colour = rings.Color(val, val / 4, 0);

  for (uint8_t i = 0; i < RING_LEDS; i++)
     d54:	cd 32       	cpi	r28, 0x2D	; 45
     d56:	d1 05       	cpc	r29, r1
     d58:	b1 f7       	brne	.-20     	; 0xd46 <main+0x338>
/usr/local/src/slabua/zr7-taillight/firmware/zr7-taillight-attiny85/zr7-taillight-attiny85.ino:483
    rings.setPixelColor(i, colour);

  ringsDirty = true;
     d5a:	80 92 fa 00 	sts	0x00FA, r8	; 0x8000fa <ringsDirty>
animPlateEmergDoubleTrail():
/usr/local/src/slabua/zr7-taillight/firmware/zr7-taillight-attiny85/zr7-taillight-attiny85.ino:606
void animPlateIdleTrail()  { renderPlateTrailEx(PLATE_IDLE); }
void animPlateStopTrail()  { renderPlateTrailEx(PLATE_STOP); }
void animPlateLeftTrail()  { renderPlateTrailEx(PLATE_LEFT); }
void animPlateRightTrail() { renderPlateTrailEx(PLATE_RIGHT); }
void animPlateEmergTrail() { renderPlateTrailEx(PLATE_EMERG); }
void animPlateEmergDoubleTrail() { renderPlateTrailEx(PLATE_EMERG_DOUBLE); }
     d5e:	8c eb       	ldi	r24, 0xBC	; 188
     d60:	90 e0       	ldi	r25, 0x00	; 0
     d62:	05 c0       	rjmp	.+10     	; 0xd6e <main+0x360>
updateAnimation():
/usr/local/src/slabua/zr7-taillight/firmware/zr7-taillight-attiny85/zr7-taillight-attiny85.ino:754
      animRingsEyeBlink();
  } else {
    switch (currentMode) {

      case MODE_IDLE:
        animRingsIdle(animTick);
     d64:	c8 01       	movw	r24, r16
     d66:	32 db       	rcall	.-2460   	; 0x3cc <animRingsIdle(unsigned int)>
/usr/local/src/slabua/zr7-taillight/firmware/zr7-taillight-attiny85/zr7-taillight-attiny85.ino:755
        animRingOverlayTrail();
     d68:	ed da       	rcall	.-2598   	; 0x344 <animRingOverlayTrail()>
animPlateIdleTrail():
/usr/local/src/slabua/zr7-taillight/firmware/zr7-taillight-attiny85/zr7-taillight-attiny85.ino:601
static const PlateTrailProfile PLATE_LEFT  = { -1, false, 255, 80, 0, 0, 0, 0 };
static const PlateTrailProfile PLATE_RIGHT = { +1, false, 255, 80, 0, 0, 0, 0 };
static const PlateTrailProfile PLATE_EMERG = { +1, true,  255, 80, 0, 0, 0, 0 };
static const PlateTrailProfile PLATE_EMERG_DOUBLE = { 0, false, 255, 80, 0, 0, 0, 0 };

void animPlateIdleTrail()  { renderPlateTrailEx(PLATE_IDLE); }
     d6a:	8c e9       	ldi	r24, 0x9C	; 156
     d6c:	90 e0       	ldi	r25, 0x00	; 0
animPlateEmergDoubleTrail():
/usr/local/src/slabua/zr7-taillight/firmware/zr7-taillight-attiny85/zr7-taillight-attiny85.ino:606
void animPlateStopTrail()  { renderPlateTrailEx(PLATE_STOP); }
void animPlateLeftTrail()  { renderPlateTrailEx(PLATE_LEFT); }
void animPlateRightTrail() { renderPlateTrailEx(PLATE_RIGHT); }
void animPlateEmergTrail() { renderPlateTrailEx(PLATE_EMERG); }
void animPlateEmergDoubleTrail() { renderPlateTrailEx(PLATE_EMERG_DOUBLE); }
     d6e:	7a db       	rcall	.-2316   	; 0x464 <renderPlateTrailEx(PlateTrailProfile const&)>
     d70:	a0 cf       	rjmp	.-192    	; 0xcb2 <main+0x2a4>
updateAnimation():
/usr/local/src/slabua/zr7-taillight/firmware/zr7-taillight-attiny85/zr7-taillight-attiny85.ino:751
//  }
//  else 
  if ((blinkState == BLINK_ACTIVE) && (currentMode == MODE_IDLE || currentMode == MODE_STOP)) {
      animRingsEyeBlink();
  } else {
    switch (currentMode) {
     d72:	d0 e0       	ldi	r29, 0x00	; 0
     d74:	c0 e0       	ldi	r28, 0x00	; 0
fillRings():
/usr/local/src/slabua/zr7-taillight/firmware/zr7-taillight-attiny85/zr7-taillight-attiny85.ino:223
  if (start > end) return;

  uint32_t colour = rings.Color(r, g, b);

  for (uint8_t i = start; i <= end; i++) {
    rings.setPixelColor(i, colour);
     d76:	20 e0       	ldi	r18, 0x00	; 0
     d78:	35 e0       	ldi	r19, 0x05	; 5
     d7a:	48 ec       	ldi	r20, 0xC8	; 200
     d7c:	50 e0       	ldi	r21, 0x00	; 0
     d7e:	be 01       	movw	r22, r28
     d80:	85 ee       	ldi	r24, 0xE5	; 229
     d82:	90 e0       	ldi	r25, 0x00	; 0
     d84:	6f da       	rcall	.-2850   	; 0x264 <Adafruit_NeoPixel::setPixelColor(unsigned int, unsigned long)>
     d86:	21 96       	adiw	r28, 0x01	; 1
/usr/local/src/slabua/zr7-taillight/firmware/zr7-taillight-attiny85/zr7-taillight-attiny85.ino:222
  if (end   >= RING_LEDS) end = RING_LEDS - 1;
  if (start > end) return;

  uint32_t colour = rings.Color(r, g, b);

  for (uint8_t i = start; i <= end; i++) {
     d88:	c3 32       	cpi	r28, 0x23	; 35
     d8a:	d1 05       	cpc	r29, r1
     d8c:	a1 f7       	brne	.-24     	; 0xd76 <main+0x368>
/usr/local/src/slabua/zr7-taillight/firmware/zr7-taillight-attiny85/zr7-taillight-attiny85.ino:226
    rings.setPixelColor(i, colour);
  }

  ringsDirty = true;
     d8e:	80 92 fa 00 	sts	0x00FA, r8	; 0x8000fa <ringsDirty>
     d92:	c3 e2       	ldi	r28, 0x23	; 35
     d94:	d0 e0       	ldi	r29, 0x00	; 0
/usr/local/src/slabua/zr7-taillight/firmware/zr7-taillight-attiny85/zr7-taillight-attiny85.ino:223
  if (start > end) return;

  uint32_t colour = rings.Color(r, g, b);

  for (uint8_t i = start; i <= end; i++) {
    rings.setPixelColor(i, colour);
     d96:	20 e0       	ldi	r18, 0x00	; 0
     d98:	35 e0       	ldi	r19, 0x05	; 5
     d9a:	4f ef       	ldi	r20, 0xFF	; 255
     d9c:	50 e0       	ldi	r21, 0x00	; 0
     d9e:	be 01       	movw	r22, r28
     da0:	85 ee       	ldi	r24, 0xE5	; 229
     da2:	90 e0       	ldi	r25, 0x00	; 0
     da4:	5f da       	rcall	.-2882   	; 0x264 <Adafruit_NeoPixel::setPixelColor(unsigned int, unsigned long)>
     da6:	21 96       	adiw	r28, 0x01	; 1
/usr/local/src/slabua/zr7-taillight/firmware/zr7-taillight-attiny85/zr7-taillight-attiny85.ino:222
  if (end   >= RING_LEDS) end = RING_LEDS - 1;
  if (start > end) return;

  uint32_t colour = rings.Color(r, g, b);

  for (uint8_t i = start; i <= end; i++) {
     da8:	cd 32       	cpi	r28, 0x2D	; 45
     daa:	d1 05       	cpc	r29, r1
     dac:	a1 f7       	brne	.-24     	; 0xd96 <main+0x388>
updateAnimation():
/usr/local/src/slabua/zr7-taillight/firmware/zr7-taillight-attiny85/zr7-taillight-attiny85.ino:760
        animRingOverlayTrail();
        break;

      case MODE_STOP:
        animRingsStop();
        animRingOverlayTrail();
     dae:	ca da       	rcall	.-2668   	; 0x344 <animRingOverlayTrail()>
animPlateStopTrail():
/usr/local/src/slabua/zr7-taillight/firmware/zr7-taillight-attiny85/zr7-taillight-attiny85.ino:602
static const PlateTrailProfile PLATE_RIGHT = { +1, false, 255, 80, 0, 0, 0, 0 };
static const PlateTrailProfile PLATE_EMERG = { +1, true,  255, 80, 0, 0, 0, 0 };
static const PlateTrailProfile PLATE_EMERG_DOUBLE = { 0, false, 255, 80, 0, 0, 0, 0 };

void animPlateIdleTrail()  { renderPlateTrailEx(PLATE_IDLE); }
void animPlateStopTrail()  { renderPlateTrailEx(PLATE_STOP); }
     db0:	84 ea       	ldi	r24, 0xA4	; 164
     db2:	90 e0       	ldi	r25, 0x00	; 0
     db4:	dc cf       	rjmp	.-72     	; 0xd6e <main+0x360>
updateAnimation():
/usr/local/src/slabua/zr7-taillight/firmware/zr7-taillight-attiny85/zr7-taillight-attiny85.ino:766
        break;

      case MODE_LEFT:
      case MODE_RIGHT:
        //animRingsTurn(animTick);
        animRingsIdle(animTick);
     db6:	c8 01       	movw	r24, r16
     db8:	09 db       	rcall	.-2542   	; 0x3cc <animRingsIdle(unsigned int)>
     dba:	02 cf       	rjmp	.-508    	; 0xbc0 <main+0x1b2>
animPlateRightTrail():
/usr/local/src/slabua/zr7-taillight/firmware/zr7-taillight-attiny85/zr7-taillight-attiny85.ino:604
static const PlateTrailProfile PLATE_EMERG_DOUBLE = { 0, false, 255, 80, 0, 0, 0, 0 };

void animPlateIdleTrail()  { renderPlateTrailEx(PLATE_IDLE); }
void animPlateStopTrail()  { renderPlateTrailEx(PLATE_STOP); }
void animPlateLeftTrail()  { renderPlateTrailEx(PLATE_LEFT); }
void animPlateRightTrail() { renderPlateTrailEx(PLATE_RIGHT); }
     dbc:	84 eb       	ldi	r24, 0xB4	; 180
     dbe:	90 e0       	ldi	r25, 0x00	; 0
updateAnimation():
/usr/local/src/slabua/zr7-taillight/firmware/zr7-taillight-attiny85/zr7-taillight-attiny85.ino:785
  // ---------- PLATE ----------
//  if (ringEmergState == RING_EMERG_ACTIVE) {
//    animPlateEmergTrail();   // or animPlateIdleOverlay(), etc.
//  }
//  else {
    switch (currentMode) {
     dc0:	c3 30       	cpi	r28, 0x03	; 3
     dc2:	d1 05       	cpc	r29, r1
     dc4:	a1 f2       	breq	.-88     	; 0xd6e <main+0x360>
     dc6:	24 97       	sbiw	r28, 0x04	; 4
     dc8:	09 f0       	breq	.+2      	; 0xdcc <main+0x3be>
     dca:	73 cf       	rjmp	.-282    	; 0xcb2 <main+0x2a4>
     dcc:	c8 cf       	rjmp	.-112    	; 0xd5e <main+0x350>
animPlateLeftTrail():
/usr/local/src/slabua/zr7-taillight/firmware/zr7-taillight-attiny85/zr7-taillight-attiny85.ino:603
static const PlateTrailProfile PLATE_EMERG = { +1, true,  255, 80, 0, 0, 0, 0 };
static const PlateTrailProfile PLATE_EMERG_DOUBLE = { 0, false, 255, 80, 0, 0, 0, 0 };

void animPlateIdleTrail()  { renderPlateTrailEx(PLATE_IDLE); }
void animPlateStopTrail()  { renderPlateTrailEx(PLATE_STOP); }
void animPlateLeftTrail()  { renderPlateTrailEx(PLATE_LEFT); }
     dce:	8c ea       	ldi	r24, 0xAC	; 172
     dd0:	90 e0       	ldi	r25, 0x00	; 0
     dd2:	cd cf       	rjmp	.-102    	; 0xd6e <main+0x360>
updateAnimation():
/usr/local/src/slabua/zr7-taillight/firmware/zr7-taillight-attiny85/zr7-taillight-attiny85.ino:815
  // ---------- TRIGGER BLINK ----------
  static uint16_t blinkIntervalTick = 0;

  if (blinkState == BLINK_IDLE) {
    if (++blinkIntervalTick >= BLINK_INTERVAL_TICKS) {
      blinkIntervalTick = 0;
     dd4:	10 92 fc 00 	sts	0x00FC, r1	; 0x8000fc <updateAnimation()::blinkIntervalTick+0x1>
     dd8:	10 92 fb 00 	sts	0x00FB, r1	; 0x8000fb <updateAnimation()::blinkIntervalTick>
startEyeBlink():
/usr/local/src/slabua/zr7-taillight/firmware/zr7-taillight-attiny85/zr7-taillight-attiny85.ino:583
  }

  ringsDirty = true;
  */

  blinkIndex = 0;
     ddc:	10 92 ce 00 	sts	0x00CE, r1	; 0x8000ce <blinkIndex>
/usr/local/src/slabua/zr7-taillight/firmware/zr7-taillight-attiny85/zr7-taillight-attiny85.ino:584
  blinkOpening = false;
     de0:	10 92 cd 00 	sts	0x00CD, r1	; 0x8000cd <blinkOpening>
/usr/local/src/slabua/zr7-taillight/firmware/zr7-taillight-attiny85/zr7-taillight-attiny85.ino:585
  blinkTick = 0;
     de4:	10 92 cc 00 	sts	0x00CC, r1	; 0x8000cc <blinkTick>
/usr/local/src/slabua/zr7-taillight/firmware/zr7-taillight-attiny85/zr7-taillight-attiny85.ino:586
  blinkState = BLINK_ACTIVE;
     de8:	f0 92 fe 00 	sts	0x00FE, r15	; 0x8000fe <blinkState+0x1>
     dec:	e0 92 fd 00 	sts	0x00FD, r14	; 0x8000fd <blinkState>
     df0:	74 cf       	rjmp	.-280    	; 0xcda <main+0x2cc>
setMode():
/usr/local/src/slabua/zr7-taillight/firmware/zr7-taillight-attiny85/zr7-taillight-attiny85.ino:712
}
*/

// ---------------- MODE MGMT ----------------
void setMode(Mode m) {
  if (m != currentMode) {
     df2:	45 2b       	or	r20, r21
     df4:	09 f4       	brne	.+2      	; 0xdf8 <main+0x3ea>
     df6:	ac ce       	rjmp	.-680    	; 0xb50 <main+0x142>
/usr/local/src/slabua/zr7-taillight/firmware/zr7-taillight-attiny85/zr7-taillight-attiny85.ino:713
    currentMode = m;
     df8:	10 92 03 01 	sts	0x0103, r1	; 0x800103 <currentMode+0x1>
     dfc:	10 92 02 01 	sts	0x0102, r1	; 0x800102 <currentMode>
     e00:	a7 ce       	rjmp	.-690    	; 0xb50 <main+0x142>

00000e02 <_GLOBAL__sub_I__Z9fillRingshhhhh>:
_GLOBAL__sub_I__Z9fillRingshhhhh():
/usr/local/src/slabua/zr7-taillight/firmware/zr7-taillight-attiny85/zr7-taillight-attiny85.ino:167
  /* 40 */ 4, /* 41 */ 4, /* 42 */ 4, /* 43 */ 4, /* 44 */ 4
};


// ---------------- LED STRIPS ----------------
static Adafruit_NeoPixel rings(RING_LEDS, RINGS_PIN, NEO_GRB + NEO_KHZ800);
     e02:	50 e0       	ldi	r21, 0x00	; 0
     e04:	40 e0       	ldi	r20, 0x00	; 0
     e06:	6d e2       	ldi	r22, 0x2D	; 45
     e08:	70 e0       	ldi	r23, 0x00	; 0
     e0a:	85 ee       	ldi	r24, 0xE5	; 229
     e0c:	90 e0       	ldi	r25, 0x00	; 0
     e0e:	a9 dd       	rcall	.-1198   	; 0x962 <Adafruit_NeoPixel::Adafruit_NeoPixel(unsigned int, int, unsigned char) [clone .constprop.2]>
/usr/local/src/slabua/zr7-taillight/firmware/zr7-taillight-attiny85/zr7-taillight-attiny85.ino:168
static Adafruit_NeoPixel plate(PLATE_LEDS, PLATE_PIN, NEO_GRB + NEO_KHZ800);
     e10:	44 e0       	ldi	r20, 0x04	; 4
     e12:	50 e0       	ldi	r21, 0x00	; 0
     e14:	6a e0       	ldi	r22, 0x0A	; 10
     e16:	70 e0       	ldi	r23, 0x00	; 0
     e18:	8f ec       	ldi	r24, 0xCF	; 207
     e1a:	90 e0       	ldi	r25, 0x00	; 0
     e1c:	a2 cd       	rjmp	.-1212   	; 0x962 <Adafruit_NeoPixel::Adafruit_NeoPixel(unsigned int, int, unsigned char) [clone .constprop.2]>

00000e1e <_GLOBAL__sub_D__Z9fillRingshhhhh>:
_GLOBAL__sub_D__Z9fillRingshhhhh():
/home/slb/Documents/Arduino/libraries/Adafruit_NeoPixel/Adafruit_NeoPixel.cpp:120

/*!
  @brief   Deallocate Adafruit_NeoPixel object, set data pin back to INPUT.
*/
Adafruit_NeoPixel::~Adafruit_NeoPixel() {
  free(pixels);
     e1e:	80 91 d7 00 	lds	r24, 0x00D7	; 0x8000d7 <plate+0x8>
     e22:	90 91 d8 00 	lds	r25, 0x00D8	; 0x8000d8 <plate+0x9>
     e26:	31 d1       	rcall	.+610    	; 0x108a <free>
/home/slb/Documents/Arduino/libraries/Adafruit_NeoPixel/Adafruit_NeoPixel.cpp:121
  if (pin >= 0)
     e28:	80 91 d4 00 	lds	r24, 0x00D4	; 0x8000d4 <plate+0x5>
     e2c:	90 91 d5 00 	lds	r25, 0x00D5	; 0x8000d5 <plate+0x6>
     e30:	97 fd       	sbrc	r25, 7
     e32:	02 c0       	rjmp	.+4      	; 0xe38 <_GLOBAL__sub_D__Z9fillRingshhhhh+0x1a>
/home/slb/Documents/Arduino/libraries/Adafruit_NeoPixel/Adafruit_NeoPixel.cpp:122
    pinMode(pin, INPUT);
     e34:	60 e0       	ldi	r22, 0x00	; 0
     e36:	05 dd       	rcall	.-1526   	; 0x842 <pinMode>
__base_dtor ():
/home/slb/Documents/Arduino/libraries/Adafruit_NeoPixel/Adafruit_NeoPixel.cpp:120

/*!
  @brief   Deallocate Adafruit_NeoPixel object, set data pin back to INPUT.
*/
Adafruit_NeoPixel::~Adafruit_NeoPixel() {
  free(pixels);
     e38:	80 91 ed 00 	lds	r24, 0x00ED	; 0x8000ed <rings+0x8>
     e3c:	90 91 ee 00 	lds	r25, 0x00EE	; 0x8000ee <rings+0x9>
     e40:	24 d1       	rcall	.+584    	; 0x108a <free>
/home/slb/Documents/Arduino/libraries/Adafruit_NeoPixel/Adafruit_NeoPixel.cpp:121
  if (pin >= 0)
     e42:	80 91 ea 00 	lds	r24, 0x00EA	; 0x8000ea <rings+0x5>
     e46:	90 91 eb 00 	lds	r25, 0x00EB	; 0x8000eb <rings+0x6>
     e4a:	97 fd       	sbrc	r25, 7
     e4c:	02 c0       	rjmp	.+4      	; 0xe52 <_GLOBAL__sub_D__Z9fillRingshhhhh+0x34>
/home/slb/Documents/Arduino/libraries/Adafruit_NeoPixel/Adafruit_NeoPixel.cpp:122
    pinMode(pin, INPUT);
     e4e:	60 e0       	ldi	r22, 0x00	; 0
     e50:	f8 cc       	rjmp	.-1552   	; 0x842 <pinMode>
_GLOBAL__sub_D__Z9fillRingshhhhh():
/usr/local/src/slabua/zr7-taillight/firmware/zr7-taillight-attiny85/zr7-taillight-attiny85.ino:916
    setMode(MODE_RIGHT);
  else
    setMode(MODE_IDLE);

  updateAnimation();
}
     e52:	08 95       	ret

00000e54 <__mulhi3>:
__mulhi3():
/home/jenkins/workspace/avr-gcc-staging/label/debian7-x86_64/gcc-build/avr/avr25/libgcc/../../../../gcc/libgcc/config/avr/lib1funcs.S:312
     e54:	00 24       	eor	r0, r0
/home/jenkins/workspace/avr-gcc-staging/label/debian7-x86_64/gcc-build/avr/avr25/libgcc/../../../../gcc/libgcc/config/avr/lib1funcs.S:313
     e56:	55 27       	eor	r21, r21
/home/jenkins/workspace/avr-gcc-staging/label/debian7-x86_64/gcc-build/avr/avr25/libgcc/../../../../gcc/libgcc/config/avr/lib1funcs.S:314
     e58:	04 c0       	rjmp	.+8      	; 0xe62 <__mulhi3+0xe>
/home/jenkins/workspace/avr-gcc-staging/label/debian7-x86_64/gcc-build/avr/avr25/libgcc/../../../../gcc/libgcc/config/avr/lib1funcs.S:317
     e5a:	08 0e       	add	r0, r24
/home/jenkins/workspace/avr-gcc-staging/label/debian7-x86_64/gcc-build/avr/avr25/libgcc/../../../../gcc/libgcc/config/avr/lib1funcs.S:318
     e5c:	59 1f       	adc	r21, r25
/home/jenkins/workspace/avr-gcc-staging/label/debian7-x86_64/gcc-build/avr/avr25/libgcc/../../../../gcc/libgcc/config/avr/lib1funcs.S:320
     e5e:	88 0f       	add	r24, r24
/home/jenkins/workspace/avr-gcc-staging/label/debian7-x86_64/gcc-build/avr/avr25/libgcc/../../../../gcc/libgcc/config/avr/lib1funcs.S:321
     e60:	99 1f       	adc	r25, r25
/home/jenkins/workspace/avr-gcc-staging/label/debian7-x86_64/gcc-build/avr/avr25/libgcc/../../../../gcc/libgcc/config/avr/lib1funcs.S:324
     e62:	00 97       	sbiw	r24, 0x00	; 0
/home/jenkins/workspace/avr-gcc-staging/label/debian7-x86_64/gcc-build/avr/avr25/libgcc/../../../../gcc/libgcc/config/avr/lib1funcs.S:325
     e64:	29 f0       	breq	.+10     	; 0xe70 <__mulhi3+0x1c>
/home/jenkins/workspace/avr-gcc-staging/label/debian7-x86_64/gcc-build/avr/avr25/libgcc/../../../../gcc/libgcc/config/avr/lib1funcs.S:328
     e66:	76 95       	lsr	r23
/home/jenkins/workspace/avr-gcc-staging/label/debian7-x86_64/gcc-build/avr/avr25/libgcc/../../../../gcc/libgcc/config/avr/lib1funcs.S:329
     e68:	67 95       	ror	r22
/home/jenkins/workspace/avr-gcc-staging/label/debian7-x86_64/gcc-build/avr/avr25/libgcc/../../../../gcc/libgcc/config/avr/lib1funcs.S:331
     e6a:	b8 f3       	brcs	.-18     	; 0xe5a <__mulhi3+0x6>
/home/jenkins/workspace/avr-gcc-staging/label/debian7-x86_64/gcc-build/avr/avr25/libgcc/../../../../gcc/libgcc/config/avr/lib1funcs.S:335
     e6c:	71 05       	cpc	r23, r1
/home/jenkins/workspace/avr-gcc-staging/label/debian7-x86_64/gcc-build/avr/avr25/libgcc/../../../../gcc/libgcc/config/avr/lib1funcs.S:337
     e6e:	b9 f7       	brne	.-18     	; 0xe5e <__mulhi3+0xa>
/home/jenkins/workspace/avr-gcc-staging/label/debian7-x86_64/gcc-build/avr/avr25/libgcc/../../../../gcc/libgcc/config/avr/lib1funcs.S:340
     e70:	80 2d       	mov	r24, r0
/home/jenkins/workspace/avr-gcc-staging/label/debian7-x86_64/gcc-build/avr/avr25/libgcc/../../../../gcc/libgcc/config/avr/lib1funcs.S:341
     e72:	95 2f       	mov	r25, r21
/home/jenkins/workspace/avr-gcc-staging/label/debian7-x86_64/gcc-build/avr/avr25/libgcc/../../../../gcc/libgcc/config/avr/lib1funcs.S:342
     e74:	08 95       	ret

00000e76 <__mulsi3>:
__mulsi3():
/home/jenkins/workspace/avr-gcc-staging/label/debian7-x86_64/gcc-build/avr/avr25/libgcc/../../../../gcc/libgcc/config/avr/lib1funcs.S:445
     e76:	ee 27       	eor	r30, r30
/home/jenkins/workspace/avr-gcc-staging/label/debian7-x86_64/gcc-build/avr/avr25/libgcc/../../../../gcc/libgcc/config/avr/lib1funcs.S:446
     e78:	ff 27       	eor	r31, r31

00000e7a <__mulsi3_helper>:
__mulsi3_helper():
/home/jenkins/workspace/avr-gcc-staging/label/debian7-x86_64/gcc-build/avr/avr25/libgcc/../../../../gcc/libgcc/config/avr/lib1funcs.S:451
     e7a:	aa 27       	eor	r26, r26
/home/jenkins/workspace/avr-gcc-staging/label/debian7-x86_64/gcc-build/avr/avr25/libgcc/../../../../gcc/libgcc/config/avr/lib1funcs.S:452
     e7c:	bb 27       	eor	r27, r27
/home/jenkins/workspace/avr-gcc-staging/label/debian7-x86_64/gcc-build/avr/avr25/libgcc/../../../../gcc/libgcc/config/avr/lib1funcs.S:453
     e7e:	08 c0       	rjmp	.+16     	; 0xe90 <__mulsi3_helper+0x16>
/home/jenkins/workspace/avr-gcc-staging/label/debian7-x86_64/gcc-build/avr/avr25/libgcc/../../../../gcc/libgcc/config/avr/lib1funcs.S:457
     e80:	a2 0f       	add	r26, r18
     e82:	b3 1f       	adc	r27, r19
     e84:	e4 1f       	adc	r30, r20
     e86:	f5 1f       	adc	r31, r21
/home/jenkins/workspace/avr-gcc-staging/label/debian7-x86_64/gcc-build/avr/avr25/libgcc/../../../../gcc/libgcc/config/avr/lib1funcs.S:460
     e88:	22 0f       	add	r18, r18
     e8a:	33 1f       	adc	r19, r19
     e8c:	44 1f       	adc	r20, r20
     e8e:	55 1f       	adc	r21, r21
/home/jenkins/workspace/avr-gcc-staging/label/debian7-x86_64/gcc-build/avr/avr25/libgcc/../../../../gcc/libgcc/config/avr/lib1funcs.S:463
     e90:	96 95       	lsr	r25
     e92:	87 95       	ror	r24
     e94:	77 95       	ror	r23
     e96:	67 95       	ror	r22
/home/jenkins/workspace/avr-gcc-staging/label/debian7-x86_64/gcc-build/avr/avr25/libgcc/../../../../gcc/libgcc/config/avr/lib1funcs.S:465
     e98:	98 f3       	brcs	.-26     	; 0xe80 <__mulsi3_helper+0x6>
/home/jenkins/workspace/avr-gcc-staging/label/debian7-x86_64/gcc-build/avr/avr25/libgcc/../../../../gcc/libgcc/config/avr/lib1funcs.S:467
     e9a:	70 40       	sbci	r23, 0x00	; 0
/home/jenkins/workspace/avr-gcc-staging/label/debian7-x86_64/gcc-build/avr/avr25/libgcc/../../../../gcc/libgcc/config/avr/lib1funcs.S:468
     e9c:	a9 f7       	brne	.-22     	; 0xe88 <__mulsi3_helper+0xe>
/home/jenkins/workspace/avr-gcc-staging/label/debian7-x86_64/gcc-build/avr/avr25/libgcc/../../../../gcc/libgcc/config/avr/lib1funcs.S:469
     e9e:	00 97       	sbiw	r24, 0x00	; 0
/home/jenkins/workspace/avr-gcc-staging/label/debian7-x86_64/gcc-build/avr/avr25/libgcc/../../../../gcc/libgcc/config/avr/lib1funcs.S:470
     ea0:	99 f7       	brne	.-26     	; 0xe88 <__mulsi3_helper+0xe>
/home/jenkins/workspace/avr-gcc-staging/label/debian7-x86_64/gcc-build/avr/avr25/libgcc/../../../../gcc/libgcc/config/avr/lib1funcs.S:473
     ea2:	bd 01       	movw	r22, r26
/home/jenkins/workspace/avr-gcc-staging/label/debian7-x86_64/gcc-build/avr/avr25/libgcc/../../../../gcc/libgcc/config/avr/lib1funcs.S:474
     ea4:	cf 01       	movw	r24, r30
/home/jenkins/workspace/avr-gcc-staging/label/debian7-x86_64/gcc-build/avr/avr25/libgcc/../../../../gcc/libgcc/config/avr/lib1funcs.S:480
     ea6:	08 95       	ret

00000ea8 <__udivmodqi4>:
__udivmodqi4():
/home/jenkins/workspace/avr-gcc-staging/label/debian7-x86_64/gcc-build/avr/avr25/libgcc/../../../../gcc/libgcc/config/avr/lib1funcs.S:1346
     ea8:	99 1b       	sub	r25, r25
/home/jenkins/workspace/avr-gcc-staging/label/debian7-x86_64/gcc-build/avr/avr25/libgcc/../../../../gcc/libgcc/config/avr/lib1funcs.S:1347
     eaa:	79 e0       	ldi	r23, 0x09	; 9
/home/jenkins/workspace/avr-gcc-staging/label/debian7-x86_64/gcc-build/avr/avr25/libgcc/../../../../gcc/libgcc/config/avr/lib1funcs.S:1348
     eac:	04 c0       	rjmp	.+8      	; 0xeb6 <__udivmodqi4_ep>

00000eae <__udivmodqi4_loop>:
/home/jenkins/workspace/avr-gcc-staging/label/debian7-x86_64/gcc-build/avr/avr25/libgcc/../../../../gcc/libgcc/config/avr/lib1funcs.S:1350
     eae:	99 1f       	adc	r25, r25
/home/jenkins/workspace/avr-gcc-staging/label/debian7-x86_64/gcc-build/avr/avr25/libgcc/../../../../gcc/libgcc/config/avr/lib1funcs.S:1351
     eb0:	96 17       	cp	r25, r22
/home/jenkins/workspace/avr-gcc-staging/label/debian7-x86_64/gcc-build/avr/avr25/libgcc/../../../../gcc/libgcc/config/avr/lib1funcs.S:1352
     eb2:	08 f0       	brcs	.+2      	; 0xeb6 <__udivmodqi4_ep>
/home/jenkins/workspace/avr-gcc-staging/label/debian7-x86_64/gcc-build/avr/avr25/libgcc/../../../../gcc/libgcc/config/avr/lib1funcs.S:1353
     eb4:	96 1b       	sub	r25, r22

00000eb6 <__udivmodqi4_ep>:
/home/jenkins/workspace/avr-gcc-staging/label/debian7-x86_64/gcc-build/avr/avr25/libgcc/../../../../gcc/libgcc/config/avr/lib1funcs.S:1355
     eb6:	88 1f       	adc	r24, r24
/home/jenkins/workspace/avr-gcc-staging/label/debian7-x86_64/gcc-build/avr/avr25/libgcc/../../../../gcc/libgcc/config/avr/lib1funcs.S:1356
     eb8:	7a 95       	dec	r23
/home/jenkins/workspace/avr-gcc-staging/label/debian7-x86_64/gcc-build/avr/avr25/libgcc/../../../../gcc/libgcc/config/avr/lib1funcs.S:1357
     eba:	c9 f7       	brne	.-14     	; 0xeae <__udivmodqi4_loop>
/home/jenkins/workspace/avr-gcc-staging/label/debian7-x86_64/gcc-build/avr/avr25/libgcc/../../../../gcc/libgcc/config/avr/lib1funcs.S:1358
     ebc:	80 95       	com	r24
/home/jenkins/workspace/avr-gcc-staging/label/debian7-x86_64/gcc-build/avr/avr25/libgcc/../../../../gcc/libgcc/config/avr/lib1funcs.S:1360
     ebe:	08 95       	ret

00000ec0 <__divmodqi4>:
__divmodqi4():
/home/jenkins/workspace/avr-gcc-staging/label/debian7-x86_64/gcc-build/avr/avr25/libgcc/../../../../gcc/libgcc/config/avr/lib1funcs.S:1366
     ec0:	87 fb       	bst	r24, 7
/home/jenkins/workspace/avr-gcc-staging/label/debian7-x86_64/gcc-build/avr/avr25/libgcc/../../../../gcc/libgcc/config/avr/lib1funcs.S:1367
     ec2:	08 2e       	mov	r0, r24
/home/jenkins/workspace/avr-gcc-staging/label/debian7-x86_64/gcc-build/avr/avr25/libgcc/../../../../gcc/libgcc/config/avr/lib1funcs.S:1368
     ec4:	06 26       	eor	r0, r22
/home/jenkins/workspace/avr-gcc-staging/label/debian7-x86_64/gcc-build/avr/avr25/libgcc/../../../../gcc/libgcc/config/avr/lib1funcs.S:1369
     ec6:	87 fd       	sbrc	r24, 7
/home/jenkins/workspace/avr-gcc-staging/label/debian7-x86_64/gcc-build/avr/avr25/libgcc/../../../../gcc/libgcc/config/avr/lib1funcs.S:1370
     ec8:	81 95       	neg	r24
/home/jenkins/workspace/avr-gcc-staging/label/debian7-x86_64/gcc-build/avr/avr25/libgcc/../../../../gcc/libgcc/config/avr/lib1funcs.S:1371
     eca:	67 fd       	sbrc	r22, 7
/home/jenkins/workspace/avr-gcc-staging/label/debian7-x86_64/gcc-build/avr/avr25/libgcc/../../../../gcc/libgcc/config/avr/lib1funcs.S:1372
     ecc:	61 95       	neg	r22
/home/jenkins/workspace/avr-gcc-staging/label/debian7-x86_64/gcc-build/avr/avr25/libgcc/../../../../gcc/libgcc/config/avr/lib1funcs.S:1373
     ece:	ec df       	rcall	.-40     	; 0xea8 <__udivmodqi4>
/home/jenkins/workspace/avr-gcc-staging/label/debian7-x86_64/gcc-build/avr/avr25/libgcc/../../../../gcc/libgcc/config/avr/lib1funcs.S:1374
     ed0:	0e f4       	brtc	.+2      	; 0xed4 <__divmodqi4_1>
/home/jenkins/workspace/avr-gcc-staging/label/debian7-x86_64/gcc-build/avr/avr25/libgcc/../../../../gcc/libgcc/config/avr/lib1funcs.S:1375
     ed2:	91 95       	neg	r25

00000ed4 <__divmodqi4_1>:
/home/jenkins/workspace/avr-gcc-staging/label/debian7-x86_64/gcc-build/avr/avr25/libgcc/../../../../gcc/libgcc/config/avr/lib1funcs.S:1377
     ed4:	07 fc       	sbrc	r0, 7
/home/jenkins/workspace/avr-gcc-staging/label/debian7-x86_64/gcc-build/avr/avr25/libgcc/../../../../gcc/libgcc/config/avr/lib1funcs.S:1378
     ed6:	81 95       	neg	r24

00000ed8 <__divmodqi4_exit>:
/home/jenkins/workspace/avr-gcc-staging/label/debian7-x86_64/gcc-build/avr/avr25/libgcc/../../../../gcc/libgcc/config/avr/lib1funcs.S:1380
     ed8:	08 95       	ret

00000eda <__udivmodhi4>:
__udivmodhi4():
/home/jenkins/workspace/avr-gcc-staging/label/debian7-x86_64/gcc-build/avr/avr25/libgcc/../../../../gcc/libgcc/config/avr/lib1funcs.S:1408
     eda:	aa 1b       	sub	r26, r26
/home/jenkins/workspace/avr-gcc-staging/label/debian7-x86_64/gcc-build/avr/avr25/libgcc/../../../../gcc/libgcc/config/avr/lib1funcs.S:1409
     edc:	bb 1b       	sub	r27, r27
/home/jenkins/workspace/avr-gcc-staging/label/debian7-x86_64/gcc-build/avr/avr25/libgcc/../../../../gcc/libgcc/config/avr/lib1funcs.S:1410
     ede:	51 e1       	ldi	r21, 0x11	; 17
/home/jenkins/workspace/avr-gcc-staging/label/debian7-x86_64/gcc-build/avr/avr25/libgcc/../../../../gcc/libgcc/config/avr/lib1funcs.S:1411
     ee0:	07 c0       	rjmp	.+14     	; 0xef0 <__udivmodhi4_ep>

00000ee2 <__udivmodhi4_loop>:
/home/jenkins/workspace/avr-gcc-staging/label/debian7-x86_64/gcc-build/avr/avr25/libgcc/../../../../gcc/libgcc/config/avr/lib1funcs.S:1413
     ee2:	aa 1f       	adc	r26, r26
/home/jenkins/workspace/avr-gcc-staging/label/debian7-x86_64/gcc-build/avr/avr25/libgcc/../../../../gcc/libgcc/config/avr/lib1funcs.S:1414
     ee4:	bb 1f       	adc	r27, r27
/home/jenkins/workspace/avr-gcc-staging/label/debian7-x86_64/gcc-build/avr/avr25/libgcc/../../../../gcc/libgcc/config/avr/lib1funcs.S:1415
     ee6:	a6 17       	cp	r26, r22
/home/jenkins/workspace/avr-gcc-staging/label/debian7-x86_64/gcc-build/avr/avr25/libgcc/../../../../gcc/libgcc/config/avr/lib1funcs.S:1416
     ee8:	b7 07       	cpc	r27, r23
/home/jenkins/workspace/avr-gcc-staging/label/debian7-x86_64/gcc-build/avr/avr25/libgcc/../../../../gcc/libgcc/config/avr/lib1funcs.S:1417
     eea:	10 f0       	brcs	.+4      	; 0xef0 <__udivmodhi4_ep>
/home/jenkins/workspace/avr-gcc-staging/label/debian7-x86_64/gcc-build/avr/avr25/libgcc/../../../../gcc/libgcc/config/avr/lib1funcs.S:1418
     eec:	a6 1b       	sub	r26, r22
/home/jenkins/workspace/avr-gcc-staging/label/debian7-x86_64/gcc-build/avr/avr25/libgcc/../../../../gcc/libgcc/config/avr/lib1funcs.S:1419
     eee:	b7 0b       	sbc	r27, r23

00000ef0 <__udivmodhi4_ep>:
/home/jenkins/workspace/avr-gcc-staging/label/debian7-x86_64/gcc-build/avr/avr25/libgcc/../../../../gcc/libgcc/config/avr/lib1funcs.S:1421
     ef0:	88 1f       	adc	r24, r24
/home/jenkins/workspace/avr-gcc-staging/label/debian7-x86_64/gcc-build/avr/avr25/libgcc/../../../../gcc/libgcc/config/avr/lib1funcs.S:1422
     ef2:	99 1f       	adc	r25, r25
/home/jenkins/workspace/avr-gcc-staging/label/debian7-x86_64/gcc-build/avr/avr25/libgcc/../../../../gcc/libgcc/config/avr/lib1funcs.S:1423
     ef4:	5a 95       	dec	r21
/home/jenkins/workspace/avr-gcc-staging/label/debian7-x86_64/gcc-build/avr/avr25/libgcc/../../../../gcc/libgcc/config/avr/lib1funcs.S:1424
     ef6:	a9 f7       	brne	.-22     	; 0xee2 <__udivmodhi4_loop>
/home/jenkins/workspace/avr-gcc-staging/label/debian7-x86_64/gcc-build/avr/avr25/libgcc/../../../../gcc/libgcc/config/avr/lib1funcs.S:1425
     ef8:	80 95       	com	r24
/home/jenkins/workspace/avr-gcc-staging/label/debian7-x86_64/gcc-build/avr/avr25/libgcc/../../../../gcc/libgcc/config/avr/lib1funcs.S:1426
     efa:	90 95       	com	r25
/home/jenkins/workspace/avr-gcc-staging/label/debian7-x86_64/gcc-build/avr/avr25/libgcc/../../../../gcc/libgcc/config/avr/lib1funcs.S:1428
     efc:	bc 01       	movw	r22, r24
/home/jenkins/workspace/avr-gcc-staging/label/debian7-x86_64/gcc-build/avr/avr25/libgcc/../../../../gcc/libgcc/config/avr/lib1funcs.S:1430
     efe:	cd 01       	movw	r24, r26
/home/jenkins/workspace/avr-gcc-staging/label/debian7-x86_64/gcc-build/avr/avr25/libgcc/../../../../gcc/libgcc/config/avr/lib1funcs.S:1432
     f00:	08 95       	ret

00000f02 <__udivmodsi4>:
__udivmodsi4():
/home/jenkins/workspace/avr-gcc-staging/label/debian7-x86_64/gcc-build/avr/avr25/libgcc/../../../../gcc/libgcc/config/avr/lib1funcs.S:1638
     f02:	a1 e2       	ldi	r26, 0x21	; 33
/home/jenkins/workspace/avr-gcc-staging/label/debian7-x86_64/gcc-build/avr/avr25/libgcc/../../../../gcc/libgcc/config/avr/lib1funcs.S:1639
     f04:	1a 2e       	mov	r1, r26
/home/jenkins/workspace/avr-gcc-staging/label/debian7-x86_64/gcc-build/avr/avr25/libgcc/../../../../gcc/libgcc/config/avr/lib1funcs.S:1640
     f06:	aa 1b       	sub	r26, r26
/home/jenkins/workspace/avr-gcc-staging/label/debian7-x86_64/gcc-build/avr/avr25/libgcc/../../../../gcc/libgcc/config/avr/lib1funcs.S:1641
     f08:	bb 1b       	sub	r27, r27
/home/jenkins/workspace/avr-gcc-staging/label/debian7-x86_64/gcc-build/avr/avr25/libgcc/../../../../gcc/libgcc/config/avr/lib1funcs.S:1642
     f0a:	fd 01       	movw	r30, r26
/home/jenkins/workspace/avr-gcc-staging/label/debian7-x86_64/gcc-build/avr/avr25/libgcc/../../../../gcc/libgcc/config/avr/lib1funcs.S:1644
     f0c:	0d c0       	rjmp	.+26     	; 0xf28 <__udivmodsi4_ep>

00000f0e <__udivmodsi4_loop>:
/home/jenkins/workspace/avr-gcc-staging/label/debian7-x86_64/gcc-build/avr/avr25/libgcc/../../../../gcc/libgcc/config/avr/lib1funcs.S:1646
     f0e:	aa 1f       	adc	r26, r26
/home/jenkins/workspace/avr-gcc-staging/label/debian7-x86_64/gcc-build/avr/avr25/libgcc/../../../../gcc/libgcc/config/avr/lib1funcs.S:1647
     f10:	bb 1f       	adc	r27, r27
/home/jenkins/workspace/avr-gcc-staging/label/debian7-x86_64/gcc-build/avr/avr25/libgcc/../../../../gcc/libgcc/config/avr/lib1funcs.S:1648
     f12:	ee 1f       	adc	r30, r30
/home/jenkins/workspace/avr-gcc-staging/label/debian7-x86_64/gcc-build/avr/avr25/libgcc/../../../../gcc/libgcc/config/avr/lib1funcs.S:1649
     f14:	ff 1f       	adc	r31, r31
/home/jenkins/workspace/avr-gcc-staging/label/debian7-x86_64/gcc-build/avr/avr25/libgcc/../../../../gcc/libgcc/config/avr/lib1funcs.S:1650
     f16:	a2 17       	cp	r26, r18
/home/jenkins/workspace/avr-gcc-staging/label/debian7-x86_64/gcc-build/avr/avr25/libgcc/../../../../gcc/libgcc/config/avr/lib1funcs.S:1651
     f18:	b3 07       	cpc	r27, r19
/home/jenkins/workspace/avr-gcc-staging/label/debian7-x86_64/gcc-build/avr/avr25/libgcc/../../../../gcc/libgcc/config/avr/lib1funcs.S:1652
     f1a:	e4 07       	cpc	r30, r20
/home/jenkins/workspace/avr-gcc-staging/label/debian7-x86_64/gcc-build/avr/avr25/libgcc/../../../../gcc/libgcc/config/avr/lib1funcs.S:1653
     f1c:	f5 07       	cpc	r31, r21
/home/jenkins/workspace/avr-gcc-staging/label/debian7-x86_64/gcc-build/avr/avr25/libgcc/../../../../gcc/libgcc/config/avr/lib1funcs.S:1654
     f1e:	20 f0       	brcs	.+8      	; 0xf28 <__udivmodsi4_ep>
/home/jenkins/workspace/avr-gcc-staging/label/debian7-x86_64/gcc-build/avr/avr25/libgcc/../../../../gcc/libgcc/config/avr/lib1funcs.S:1655
     f20:	a2 1b       	sub	r26, r18
/home/jenkins/workspace/avr-gcc-staging/label/debian7-x86_64/gcc-build/avr/avr25/libgcc/../../../../gcc/libgcc/config/avr/lib1funcs.S:1656
     f22:	b3 0b       	sbc	r27, r19
/home/jenkins/workspace/avr-gcc-staging/label/debian7-x86_64/gcc-build/avr/avr25/libgcc/../../../../gcc/libgcc/config/avr/lib1funcs.S:1657
     f24:	e4 0b       	sbc	r30, r20
/home/jenkins/workspace/avr-gcc-staging/label/debian7-x86_64/gcc-build/avr/avr25/libgcc/../../../../gcc/libgcc/config/avr/lib1funcs.S:1658
     f26:	f5 0b       	sbc	r31, r21

00000f28 <__udivmodsi4_ep>:
/home/jenkins/workspace/avr-gcc-staging/label/debian7-x86_64/gcc-build/avr/avr25/libgcc/../../../../gcc/libgcc/config/avr/lib1funcs.S:1660
     f28:	66 1f       	adc	r22, r22
/home/jenkins/workspace/avr-gcc-staging/label/debian7-x86_64/gcc-build/avr/avr25/libgcc/../../../../gcc/libgcc/config/avr/lib1funcs.S:1661
     f2a:	77 1f       	adc	r23, r23
/home/jenkins/workspace/avr-gcc-staging/label/debian7-x86_64/gcc-build/avr/avr25/libgcc/../../../../gcc/libgcc/config/avr/lib1funcs.S:1662
     f2c:	88 1f       	adc	r24, r24
/home/jenkins/workspace/avr-gcc-staging/label/debian7-x86_64/gcc-build/avr/avr25/libgcc/../../../../gcc/libgcc/config/avr/lib1funcs.S:1663
     f2e:	99 1f       	adc	r25, r25
/home/jenkins/workspace/avr-gcc-staging/label/debian7-x86_64/gcc-build/avr/avr25/libgcc/../../../../gcc/libgcc/config/avr/lib1funcs.S:1664
     f30:	1a 94       	dec	r1
/home/jenkins/workspace/avr-gcc-staging/label/debian7-x86_64/gcc-build/avr/avr25/libgcc/../../../../gcc/libgcc/config/avr/lib1funcs.S:1665
     f32:	69 f7       	brne	.-38     	; 0xf0e <__udivmodsi4_loop>
/home/jenkins/workspace/avr-gcc-staging/label/debian7-x86_64/gcc-build/avr/avr25/libgcc/../../../../gcc/libgcc/config/avr/lib1funcs.S:1667
     f34:	60 95       	com	r22
/home/jenkins/workspace/avr-gcc-staging/label/debian7-x86_64/gcc-build/avr/avr25/libgcc/../../../../gcc/libgcc/config/avr/lib1funcs.S:1668
     f36:	70 95       	com	r23
/home/jenkins/workspace/avr-gcc-staging/label/debian7-x86_64/gcc-build/avr/avr25/libgcc/../../../../gcc/libgcc/config/avr/lib1funcs.S:1669
     f38:	80 95       	com	r24
/home/jenkins/workspace/avr-gcc-staging/label/debian7-x86_64/gcc-build/avr/avr25/libgcc/../../../../gcc/libgcc/config/avr/lib1funcs.S:1670
     f3a:	90 95       	com	r25
/home/jenkins/workspace/avr-gcc-staging/label/debian7-x86_64/gcc-build/avr/avr25/libgcc/../../../../gcc/libgcc/config/avr/lib1funcs.S:1672
     f3c:	9b 01       	movw	r18, r22
/home/jenkins/workspace/avr-gcc-staging/label/debian7-x86_64/gcc-build/avr/avr25/libgcc/../../../../gcc/libgcc/config/avr/lib1funcs.S:1674
     f3e:	ac 01       	movw	r20, r24
/home/jenkins/workspace/avr-gcc-staging/label/debian7-x86_64/gcc-build/avr/avr25/libgcc/../../../../gcc/libgcc/config/avr/lib1funcs.S:1676
     f40:	bd 01       	movw	r22, r26
/home/jenkins/workspace/avr-gcc-staging/label/debian7-x86_64/gcc-build/avr/avr25/libgcc/../../../../gcc/libgcc/config/avr/lib1funcs.S:1678
     f42:	cf 01       	movw	r24, r30
/home/jenkins/workspace/avr-gcc-staging/label/debian7-x86_64/gcc-build/avr/avr25/libgcc/../../../../gcc/libgcc/config/avr/lib1funcs.S:1680
     f44:	08 95       	ret

00000f46 <__tablejump2__>:
__tablejump2__():
/home/jenkins/workspace/avr-gcc-staging/label/debian7-x86_64/gcc-build/avr/avr25/libgcc/../../../../gcc/libgcc/config/avr/lib1funcs.S:2296
     f46:	ee 0f       	add	r30, r30
/home/jenkins/workspace/avr-gcc-staging/label/debian7-x86_64/gcc-build/avr/avr25/libgcc/../../../../gcc/libgcc/config/avr/lib1funcs.S:2297
     f48:	ff 1f       	adc	r31, r31
/home/jenkins/workspace/avr-gcc-staging/label/debian7-x86_64/gcc-build/avr/avr25/libgcc/../../../../gcc/libgcc/config/avr/lib1funcs.S:2328
     f4a:	05 90       	lpm	r0, Z+
/home/jenkins/workspace/avr-gcc-staging/label/debian7-x86_64/gcc-build/avr/avr25/libgcc/../../../../gcc/libgcc/config/avr/lib1funcs.S:2329
     f4c:	f4 91       	lpm	r31, Z
/home/jenkins/workspace/avr-gcc-staging/label/debian7-x86_64/gcc-build/avr/avr25/libgcc/../../../../gcc/libgcc/config/avr/lib1funcs.S:2330
     f4e:	e0 2d       	mov	r30, r0
/home/jenkins/workspace/avr-gcc-staging/label/debian7-x86_64/gcc-build/avr/avr25/libgcc/../../../../gcc/libgcc/config/avr/lib1funcs.S:2331
     f50:	09 94       	ijmp

00000f52 <malloc>:
malloc():
     f52:	0f 93       	push	r16
     f54:	1f 93       	push	r17
     f56:	cf 93       	push	r28
     f58:	df 93       	push	r29
     f5a:	82 30       	cpi	r24, 0x02	; 2
     f5c:	91 05       	cpc	r25, r1
     f5e:	10 f4       	brcc	.+4      	; 0xf64 <malloc+0x12>
     f60:	82 e0       	ldi	r24, 0x02	; 2
     f62:	90 e0       	ldi	r25, 0x00	; 0
     f64:	e0 91 12 01 	lds	r30, 0x0112	; 0x800112 <__flp>
     f68:	f0 91 13 01 	lds	r31, 0x0113	; 0x800113 <__flp+0x1>
     f6c:	30 e0       	ldi	r19, 0x00	; 0
     f6e:	20 e0       	ldi	r18, 0x00	; 0
     f70:	b0 e0       	ldi	r27, 0x00	; 0
     f72:	a0 e0       	ldi	r26, 0x00	; 0
     f74:	30 97       	sbiw	r30, 0x00	; 0
     f76:	99 f4       	brne	.+38     	; 0xf9e <malloc+0x4c>
     f78:	21 15       	cp	r18, r1
     f7a:	31 05       	cpc	r19, r1
     f7c:	09 f4       	brne	.+2      	; 0xf80 <malloc+0x2e>
     f7e:	4a c0       	rjmp	.+148    	; 0x1014 <malloc+0xc2>
     f80:	28 1b       	sub	r18, r24
     f82:	39 0b       	sbc	r19, r25
     f84:	24 30       	cpi	r18, 0x04	; 4
     f86:	31 05       	cpc	r19, r1
     f88:	d8 f5       	brcc	.+118    	; 0x1000 <malloc+0xae>
     f8a:	8a 81       	ldd	r24, Y+2	; 0x02
     f8c:	9b 81       	ldd	r25, Y+3	; 0x03
     f8e:	61 15       	cp	r22, r1
     f90:	71 05       	cpc	r23, r1
     f92:	89 f1       	breq	.+98     	; 0xff6 <malloc+0xa4>
     f94:	fb 01       	movw	r30, r22
     f96:	93 83       	std	Z+3, r25	; 0x03
     f98:	82 83       	std	Z+2, r24	; 0x02
     f9a:	fe 01       	movw	r30, r28
     f9c:	11 c0       	rjmp	.+34     	; 0xfc0 <malloc+0x6e>
     f9e:	40 81       	ld	r20, Z
     fa0:	51 81       	ldd	r21, Z+1	; 0x01
     fa2:	02 81       	ldd	r16, Z+2	; 0x02
     fa4:	13 81       	ldd	r17, Z+3	; 0x03
     fa6:	48 17       	cp	r20, r24
     fa8:	59 07       	cpc	r21, r25
     faa:	e0 f0       	brcs	.+56     	; 0xfe4 <malloc+0x92>
     fac:	48 17       	cp	r20, r24
     fae:	59 07       	cpc	r21, r25
     fb0:	99 f4       	brne	.+38     	; 0xfd8 <malloc+0x86>
     fb2:	10 97       	sbiw	r26, 0x00	; 0
     fb4:	61 f0       	breq	.+24     	; 0xfce <malloc+0x7c>
     fb6:	12 96       	adiw	r26, 0x02	; 2
     fb8:	0c 93       	st	X, r16
     fba:	12 97       	sbiw	r26, 0x02	; 2
     fbc:	13 96       	adiw	r26, 0x03	; 3
     fbe:	1c 93       	st	X, r17
     fc0:	32 96       	adiw	r30, 0x02	; 2
     fc2:	cf 01       	movw	r24, r30
     fc4:	df 91       	pop	r29
     fc6:	cf 91       	pop	r28
     fc8:	1f 91       	pop	r17
     fca:	0f 91       	pop	r16
     fcc:	08 95       	ret
     fce:	00 93 12 01 	sts	0x0112, r16	; 0x800112 <__flp>
     fd2:	10 93 13 01 	sts	0x0113, r17	; 0x800113 <__flp+0x1>
     fd6:	f4 cf       	rjmp	.-24     	; 0xfc0 <malloc+0x6e>
     fd8:	21 15       	cp	r18, r1
     fda:	31 05       	cpc	r19, r1
     fdc:	51 f0       	breq	.+20     	; 0xff2 <malloc+0xa0>
     fde:	42 17       	cp	r20, r18
     fe0:	53 07       	cpc	r21, r19
     fe2:	38 f0       	brcs	.+14     	; 0xff2 <malloc+0xa0>
     fe4:	a9 01       	movw	r20, r18
     fe6:	db 01       	movw	r26, r22
     fe8:	9a 01       	movw	r18, r20
     fea:	bd 01       	movw	r22, r26
     fec:	df 01       	movw	r26, r30
     fee:	f8 01       	movw	r30, r16
     ff0:	c1 cf       	rjmp	.-126    	; 0xf74 <malloc+0x22>
     ff2:	ef 01       	movw	r28, r30
     ff4:	f9 cf       	rjmp	.-14     	; 0xfe8 <malloc+0x96>
     ff6:	90 93 13 01 	sts	0x0113, r25	; 0x800113 <__flp+0x1>
     ffa:	80 93 12 01 	sts	0x0112, r24	; 0x800112 <__flp>
     ffe:	cd cf       	rjmp	.-102    	; 0xf9a <malloc+0x48>
    1000:	fe 01       	movw	r30, r28
    1002:	e2 0f       	add	r30, r18
    1004:	f3 1f       	adc	r31, r19
    1006:	81 93       	st	Z+, r24
    1008:	91 93       	st	Z+, r25
    100a:	22 50       	subi	r18, 0x02	; 2
    100c:	31 09       	sbc	r19, r1
    100e:	39 83       	std	Y+1, r19	; 0x01
    1010:	28 83       	st	Y, r18
    1012:	d7 cf       	rjmp	.-82     	; 0xfc2 <malloc+0x70>
    1014:	20 91 10 01 	lds	r18, 0x0110	; 0x800110 <__brkval>
    1018:	30 91 11 01 	lds	r19, 0x0111	; 0x800111 <__brkval+0x1>
    101c:	23 2b       	or	r18, r19
    101e:	41 f4       	brne	.+16     	; 0x1030 <malloc+0xde>
    1020:	20 91 64 00 	lds	r18, 0x0064	; 0x800064 <__malloc_heap_start>
    1024:	30 91 65 00 	lds	r19, 0x0065	; 0x800065 <__malloc_heap_start+0x1>
    1028:	30 93 11 01 	sts	0x0111, r19	; 0x800111 <__brkval+0x1>
    102c:	20 93 10 01 	sts	0x0110, r18	; 0x800110 <__brkval>
    1030:	20 91 62 00 	lds	r18, 0x0062	; 0x800062 <__malloc_heap_end>
    1034:	30 91 63 00 	lds	r19, 0x0063	; 0x800063 <__malloc_heap_end+0x1>
    1038:	21 15       	cp	r18, r1
    103a:	31 05       	cpc	r19, r1
    103c:	41 f4       	brne	.+16     	; 0x104e <malloc+0xfc>
    103e:	2d b7       	in	r18, 0x3d	; 61
    1040:	3e b7       	in	r19, 0x3e	; 62
    1042:	40 91 66 00 	lds	r20, 0x0066	; 0x800066 <__malloc_margin>
    1046:	50 91 67 00 	lds	r21, 0x0067	; 0x800067 <__malloc_margin+0x1>
    104a:	24 1b       	sub	r18, r20
    104c:	35 0b       	sbc	r19, r21
    104e:	e0 91 10 01 	lds	r30, 0x0110	; 0x800110 <__brkval>
    1052:	f0 91 11 01 	lds	r31, 0x0111	; 0x800111 <__brkval+0x1>
    1056:	e2 17       	cp	r30, r18
    1058:	f3 07       	cpc	r31, r19
    105a:	a0 f4       	brcc	.+40     	; 0x1084 <malloc+0x132>
    105c:	2e 1b       	sub	r18, r30
    105e:	3f 0b       	sbc	r19, r31
    1060:	28 17       	cp	r18, r24
    1062:	39 07       	cpc	r19, r25
    1064:	78 f0       	brcs	.+30     	; 0x1084 <malloc+0x132>
    1066:	ac 01       	movw	r20, r24
    1068:	4e 5f       	subi	r20, 0xFE	; 254
    106a:	5f 4f       	sbci	r21, 0xFF	; 255
    106c:	24 17       	cp	r18, r20
    106e:	35 07       	cpc	r19, r21
    1070:	48 f0       	brcs	.+18     	; 0x1084 <malloc+0x132>
    1072:	4e 0f       	add	r20, r30
    1074:	5f 1f       	adc	r21, r31
    1076:	50 93 11 01 	sts	0x0111, r21	; 0x800111 <__brkval+0x1>
    107a:	40 93 10 01 	sts	0x0110, r20	; 0x800110 <__brkval>
    107e:	81 93       	st	Z+, r24
    1080:	91 93       	st	Z+, r25
    1082:	9f cf       	rjmp	.-194    	; 0xfc2 <malloc+0x70>
    1084:	f0 e0       	ldi	r31, 0x00	; 0
    1086:	e0 e0       	ldi	r30, 0x00	; 0
    1088:	9c cf       	rjmp	.-200    	; 0xfc2 <malloc+0x70>

0000108a <free>:
free():
    108a:	cf 93       	push	r28
    108c:	df 93       	push	r29
    108e:	00 97       	sbiw	r24, 0x00	; 0
    1090:	e9 f0       	breq	.+58     	; 0x10cc <free+0x42>
    1092:	fc 01       	movw	r30, r24
    1094:	32 97       	sbiw	r30, 0x02	; 2
    1096:	13 82       	std	Z+3, r1	; 0x03
    1098:	12 82       	std	Z+2, r1	; 0x02
    109a:	a0 91 12 01 	lds	r26, 0x0112	; 0x800112 <__flp>
    109e:	b0 91 13 01 	lds	r27, 0x0113	; 0x800113 <__flp+0x1>
    10a2:	ed 01       	movw	r28, r26
    10a4:	30 e0       	ldi	r19, 0x00	; 0
    10a6:	20 e0       	ldi	r18, 0x00	; 0
    10a8:	10 97       	sbiw	r26, 0x00	; 0
    10aa:	a1 f4       	brne	.+40     	; 0x10d4 <free+0x4a>
    10ac:	20 81       	ld	r18, Z
    10ae:	31 81       	ldd	r19, Z+1	; 0x01
    10b0:	82 0f       	add	r24, r18
    10b2:	93 1f       	adc	r25, r19
    10b4:	20 91 10 01 	lds	r18, 0x0110	; 0x800110 <__brkval>
    10b8:	30 91 11 01 	lds	r19, 0x0111	; 0x800111 <__brkval+0x1>
    10bc:	28 17       	cp	r18, r24
    10be:	39 07       	cpc	r19, r25
    10c0:	09 f0       	breq	.+2      	; 0x10c4 <free+0x3a>
    10c2:	61 c0       	rjmp	.+194    	; 0x1186 <free+0xfc>
    10c4:	f0 93 11 01 	sts	0x0111, r31	; 0x800111 <__brkval+0x1>
    10c8:	e0 93 10 01 	sts	0x0110, r30	; 0x800110 <__brkval>
    10cc:	df 91       	pop	r29
    10ce:	cf 91       	pop	r28
    10d0:	08 95       	ret
    10d2:	ea 01       	movw	r28, r20
    10d4:	ce 17       	cp	r28, r30
    10d6:	df 07       	cpc	r29, r31
    10d8:	e8 f5       	brcc	.+122    	; 0x1154 <free+0xca>
    10da:	4a 81       	ldd	r20, Y+2	; 0x02
    10dc:	5b 81       	ldd	r21, Y+3	; 0x03
    10de:	9e 01       	movw	r18, r28
    10e0:	41 15       	cp	r20, r1
    10e2:	51 05       	cpc	r21, r1
    10e4:	b1 f7       	brne	.-20     	; 0x10d2 <free+0x48>
    10e6:	e9 01       	movw	r28, r18
    10e8:	fb 83       	std	Y+3, r31	; 0x03
    10ea:	ea 83       	std	Y+2, r30	; 0x02
    10ec:	49 91       	ld	r20, Y+
    10ee:	59 91       	ld	r21, Y+
    10f0:	c4 0f       	add	r28, r20
    10f2:	d5 1f       	adc	r29, r21
    10f4:	ec 17       	cp	r30, r28
    10f6:	fd 07       	cpc	r31, r29
    10f8:	61 f4       	brne	.+24     	; 0x1112 <free+0x88>
    10fa:	80 81       	ld	r24, Z
    10fc:	91 81       	ldd	r25, Z+1	; 0x01
    10fe:	02 96       	adiw	r24, 0x02	; 2
    1100:	84 0f       	add	r24, r20
    1102:	95 1f       	adc	r25, r21
    1104:	e9 01       	movw	r28, r18
    1106:	99 83       	std	Y+1, r25	; 0x01
    1108:	88 83       	st	Y, r24
    110a:	82 81       	ldd	r24, Z+2	; 0x02
    110c:	93 81       	ldd	r25, Z+3	; 0x03
    110e:	9b 83       	std	Y+3, r25	; 0x03
    1110:	8a 83       	std	Y+2, r24	; 0x02
    1112:	f0 e0       	ldi	r31, 0x00	; 0
    1114:	e0 e0       	ldi	r30, 0x00	; 0
    1116:	12 96       	adiw	r26, 0x02	; 2
    1118:	8d 91       	ld	r24, X+
    111a:	9c 91       	ld	r25, X
    111c:	13 97       	sbiw	r26, 0x03	; 3
    111e:	00 97       	sbiw	r24, 0x00	; 0
    1120:	b9 f5       	brne	.+110    	; 0x1190 <free+0x106>
    1122:	2d 91       	ld	r18, X+
    1124:	3c 91       	ld	r19, X
    1126:	11 97       	sbiw	r26, 0x01	; 1
    1128:	cd 01       	movw	r24, r26
    112a:	02 96       	adiw	r24, 0x02	; 2
    112c:	82 0f       	add	r24, r18
    112e:	93 1f       	adc	r25, r19
    1130:	20 91 10 01 	lds	r18, 0x0110	; 0x800110 <__brkval>
    1134:	30 91 11 01 	lds	r19, 0x0111	; 0x800111 <__brkval+0x1>
    1138:	28 17       	cp	r18, r24
    113a:	39 07       	cpc	r19, r25
    113c:	39 f6       	brne	.-114    	; 0x10cc <free+0x42>
    113e:	30 97       	sbiw	r30, 0x00	; 0
    1140:	51 f5       	brne	.+84     	; 0x1196 <free+0x10c>
    1142:	10 92 13 01 	sts	0x0113, r1	; 0x800113 <__flp+0x1>
    1146:	10 92 12 01 	sts	0x0112, r1	; 0x800112 <__flp>
    114a:	b0 93 11 01 	sts	0x0111, r27	; 0x800111 <__brkval+0x1>
    114e:	a0 93 10 01 	sts	0x0110, r26	; 0x800110 <__brkval>
    1152:	bc cf       	rjmp	.-136    	; 0x10cc <free+0x42>
    1154:	d3 83       	std	Z+3, r29	; 0x03
    1156:	c2 83       	std	Z+2, r28	; 0x02
    1158:	40 81       	ld	r20, Z
    115a:	51 81       	ldd	r21, Z+1	; 0x01
    115c:	84 0f       	add	r24, r20
    115e:	95 1f       	adc	r25, r21
    1160:	c8 17       	cp	r28, r24
    1162:	d9 07       	cpc	r29, r25
    1164:	61 f4       	brne	.+24     	; 0x117e <free+0xf4>
    1166:	4e 5f       	subi	r20, 0xFE	; 254
    1168:	5f 4f       	sbci	r21, 0xFF	; 255
    116a:	88 81       	ld	r24, Y
    116c:	99 81       	ldd	r25, Y+1	; 0x01
    116e:	48 0f       	add	r20, r24
    1170:	59 1f       	adc	r21, r25
    1172:	51 83       	std	Z+1, r21	; 0x01
    1174:	40 83       	st	Z, r20
    1176:	8a 81       	ldd	r24, Y+2	; 0x02
    1178:	9b 81       	ldd	r25, Y+3	; 0x03
    117a:	93 83       	std	Z+3, r25	; 0x03
    117c:	82 83       	std	Z+2, r24	; 0x02
    117e:	21 15       	cp	r18, r1
    1180:	31 05       	cpc	r19, r1
    1182:	09 f0       	breq	.+2      	; 0x1186 <free+0xfc>
    1184:	b0 cf       	rjmp	.-160    	; 0x10e6 <free+0x5c>
    1186:	f0 93 13 01 	sts	0x0113, r31	; 0x800113 <__flp+0x1>
    118a:	e0 93 12 01 	sts	0x0112, r30	; 0x800112 <__flp>
    118e:	9e cf       	rjmp	.-196    	; 0x10cc <free+0x42>
    1190:	fd 01       	movw	r30, r26
    1192:	dc 01       	movw	r26, r24
    1194:	c0 cf       	rjmp	.-128    	; 0x1116 <free+0x8c>
    1196:	13 82       	std	Z+3, r1	; 0x03
    1198:	12 82       	std	Z+2, r1	; 0x02
    119a:	d7 cf       	rjmp	.-82     	; 0x114a <free+0xc0>

0000119c <memset>:
memset():
    119c:	dc 01       	movw	r26, r24
    119e:	01 c0       	rjmp	.+2      	; 0x11a2 <memset+0x6>
    11a0:	6d 93       	st	X+, r22
    11a2:	41 50       	subi	r20, 0x01	; 1
    11a4:	50 40       	sbci	r21, 0x00	; 0
    11a6:	e0 f7       	brcc	.-8      	; 0x11a0 <memset+0x4>
    11a8:	08 95       	ret

000011aa <__do_global_dtors>:
__do_global_dtors():
/home/jenkins/workspace/avr-gcc-staging/label/debian7-x86_64/gcc-build/avr/avr25/libgcc/../../../../gcc/libgcc/config/avr/lib1funcs.S:2496
    11aa:	10 e0       	ldi	r17, 0x00	; 0
/home/jenkins/workspace/avr-gcc-staging/label/debian7-x86_64/gcc-build/avr/avr25/libgcc/../../../../gcc/libgcc/config/avr/lib1funcs.S:2497
    11ac:	c2 e2       	ldi	r28, 0x22	; 34
/home/jenkins/workspace/avr-gcc-staging/label/debian7-x86_64/gcc-build/avr/avr25/libgcc/../../../../gcc/libgcc/config/avr/lib1funcs.S:2498
    11ae:	d0 e0       	ldi	r29, 0x00	; 0
/home/jenkins/workspace/avr-gcc-staging/label/debian7-x86_64/gcc-build/avr/avr25/libgcc/../../../../gcc/libgcc/config/avr/lib1funcs.S:2502
    11b0:	03 c0       	rjmp	.+6      	; 0x11b8 <__do_global_dtors+0xe>
/home/jenkins/workspace/avr-gcc-staging/label/debian7-x86_64/gcc-build/avr/avr25/libgcc/../../../../gcc/libgcc/config/avr/lib1funcs.S:2508
    11b2:	fe 01       	movw	r30, r28
/home/jenkins/workspace/avr-gcc-staging/label/debian7-x86_64/gcc-build/avr/avr25/libgcc/../../../../gcc/libgcc/config/avr/lib1funcs.S:2509
    11b4:	c8 de       	rcall	.-624    	; 0xf46 <__tablejump2__>
/home/jenkins/workspace/avr-gcc-staging/label/debian7-x86_64/gcc-build/avr/avr25/libgcc/../../../../gcc/libgcc/config/avr/lib1funcs.S:2510
    11b6:	21 96       	adiw	r28, 0x01	; 1
/home/jenkins/workspace/avr-gcc-staging/label/debian7-x86_64/gcc-build/avr/avr25/libgcc/../../../../gcc/libgcc/config/avr/lib1funcs.S:2515
    11b8:	c3 32       	cpi	r28, 0x23	; 35
/home/jenkins/workspace/avr-gcc-staging/label/debian7-x86_64/gcc-build/avr/avr25/libgcc/../../../../gcc/libgcc/config/avr/lib1funcs.S:2516
    11ba:	d1 07       	cpc	r29, r17
/home/jenkins/workspace/avr-gcc-staging/label/debian7-x86_64/gcc-build/avr/avr25/libgcc/../../../../gcc/libgcc/config/avr/lib1funcs.S:2521
    11bc:	d1 f7       	brne	.-12     	; 0x11b2 <__do_global_dtors+0x8>
/home/jenkins/workspace/avr-gcc-staging/label/debian7-x86_64/gcc-build/avr/avr25/libgcc/../../../../gcc/libgcc/config/avr/lib1funcs.S:2278
    11be:	f8 94       	cli

000011c0 <__stop_program>:
__stop_program():
/home/jenkins/workspace/avr-gcc-staging/label/debian7-x86_64/gcc-build/avr/avr25/libgcc/../../../../gcc/libgcc/config/avr/lib1funcs.S:2280
    11c0:	ff cf       	rjmp	.-2      	; 0x11c0 <__stop_program>
